{
"type": "FeatureCollection",
"name": "cocolalla_lake_cv",
"crs": { "type": "name", "properties": { "name": "urn:ogc:def:crs:OGC:1.3:CRS84" } },
"features": [
{ "type": "Feature", "properties": { "reach_m": 46.822887699286554, "source": "cv" }, "geometry": { "type": "Point", "coordinates": [ -116.625993196865423, 48.122521445403521 ] } },
{ "type": "Feature", "properties": { "reach_m": 69.898957487308067, "source": "cv" }, "geometry": { "type": "Point", "coordinates": [ -116.625573846417254, 48.12244276186906 ] } },
{ "type": "Feature", "properties": { "reach_m": 57.675090079036714, "source": "cv" }, "geometry": { "type": "Point", "coordinates": [ -116.625762806680484, 48.122443377326732 ] } },
{ "type": "Feature", "properties": { "reach_m": 44.750010911311513, "source": "cv" }, "geometry": { "type": "Point", "coordinates": [ -116.625535329066111, 48.121964669920381 ] } },
{ "type": "Feature", "properties": { "reach_m": 69.148348791746287, "source": "cv" }, "geometry": { "type": "Point", "coordinates": [ -116.625011160541106, 48.121864555994883 ] } },
{ "type": "Feature", "properties": { "reach_m": 60.444722293389688, "source": "cv" }, "geometry": { "type": "Point", "coordinates": [ -116.625116392988744, 48.1218297547044 ] } },
{ "type": "Feature", "properties": { "reach_m": 8.4505108018687256, "source": "cv" }, "geometry": { "type": "Point", "coordinates": [ -116.625966908164898, 48.121804410164295 ] } },
{ "type": "Feature", "properties": { "reach_m": 57.223562741343713, "source": "cv" }, "geometry": { "type": "Point", "coordinates": [ -116.625002299902064, 48.121639601673522 ] } },
{ "type": "Feature", "properties": { "reach_m": 69.990582513828244, "source": "cv" }, "geometry": { "type": "Point", "coordinates": [ -116.624636265523321, 48.121448625941397 ] } },
{ "type": "Feature", "properties": { "reach_m": 29.481191037676886, "source": "cv" }, "geometry": { "type": "Point", "coordinates": [ -116.6250891450468, 48.121246265516838 ] } },
{ "type": "Feature", "properties": { "reach_m": 69.964416178869087, "source": "cv" }, "geometry": { "type": "Point", "coordinates": [ -116.624220001683881, 48.120948212334085 ] } },
{ "type": "Feature", "properties": { "reach_m": 27.521742115325836, "source": "cv" }, "geometry": { "type": "Point", "coordinates": [ -116.62509979602369, 48.121225213502086 ] } },
{ "type": "Feature", "properties": { "reach_m": 39.667194608706573, "source": "cv" }, "geometry": { "type": "Point", "coordinates": [ -116.624837818048348, 48.121161098343599 ] } },
{ "type": "Feature", "properties": { "reach_m": 16.256759411472508, "source": "cv" }, "geometry": { "type": "Point", "coordinates": [ -116.625205333874604, 48.121148239604743 ] } },
{ "type": "Feature", "properties": { "reach_m": 58.00222247897058, "source": "cv" }, "geometry": { "type": "Point", "coordinates": [ -116.624460829113048, 48.121033346554945 ] } },
{ "type": "Feature", "properties": { "reach_m": 12.228496751951976, "source": "cv" }, "geometry": { "type": "Point", "coordinates": [ -116.62499768536675, 48.120831260849904 ] } },
{ "type": "Feature", "properties": { "reach_m": 50.316381837826931, "source": "cv" }, "geometry": { "type": "Point", "coordinates": [ -116.623952504712932, 48.120202271804224 ] } },
{ "type": "Feature", "properties": { "reach_m": 35.988415019628192, "source": "cv" }, "geometry": { "type": "Point", "coordinates": [ -116.624131318303014, 48.120153654301582 ] } },
{ "type": "Feature", "properties": { "reach_m": 61.71875, "source": "cv" }, "geometry": { "type": "Point", "coordinates": [ -116.623675852928869, 48.119273548598358 ] } },
{ "type": "Feature", "properties": { "reach_m": 69.91641913071993, "source": "cv" }, "geometry": { "type": "Point", "coordinates": [ -116.623721280437039, 48.118802759531356 ] } },
{ "type": "Feature", "properties": { "reach_m": 32.8125, "source": "cv" }, "geometry": { "type": "Point", "coordinates": [ -116.62427849529108, 48.118685090849247 ] } },
{ "type": "Feature", "properties": { "reach_m": 30.508787796510369, "source": "cv" }, "geometry": { "type": "Point", "coordinates": [ -116.624281006539661, 48.118340681826858 ] } },
{ "type": "Feature", "properties": { "reach_m": 69.968777914241869, "source": "cv" }, "geometry": { "type": "Point", "coordinates": [ -116.62374581582975, 48.118317844165688 ] } },
{ "type": "Feature", "properties": { "reach_m": 69.53125, "source": "cv" }, "geometry": { "type": "Point", "coordinates": [ -116.6236760330697, 48.117811533178916 ] } },
{ "type": "Feature", "properties": { "reach_m": 69.920783860201396, "source": "cv" }, "geometry": { "type": "Point", "coordinates": [ -116.62369923385684, 48.117509365406285 ] } },
{ "type": "Feature", "properties": { "reach_m": 9.5043164535909685, "source": "cv" }, "geometry": { "type": "Point", "coordinates": [ -116.624613631877963, 48.117350690494966 ] } },
{ "type": "Feature", "properties": { "reach_m": 46.199560756164118, "source": "cv" }, "geometry": { "type": "Point", "coordinates": [ -116.624088537847825, 48.117384118794305 ] } },
{ "type": "Feature", "properties": { "reach_m": 69.920783860201396, "source": "cv" }, "geometry": { "type": "Point", "coordinates": [ -116.623827350287044, 48.117214569991646 ] } },
{ "type": "Feature", "properties": { "reach_m": 14.0625, "source": "cv" }, "geometry": { "type": "Point", "coordinates": [ -116.624616447977189, 48.116964108832747 ] } },
{ "type": "Feature", "properties": { "reach_m": 69.548803963925224, "source": "cv" }, "geometry": { "type": "Point", "coordinates": [ -116.623871594527458, 48.1169054421052 ] } },
{ "type": "Feature", "properties": { "reach_m": 21.035800027869158, "source": "cv" }, "geometry": { "type": "Point", "coordinates": [ -116.624756641034764, 48.116451455114522 ] } },
{ "type": "Feature", "properties": { "reach_m": 67.432330084500265, "source": "cv" }, "geometry": { "type": "Point", "coordinates": [ -116.624489927491467, 48.115600083900794 ] } },
{ "type": "Feature", "properties": { "reach_m": 68.188402262591552, "source": "cv" }, "geometry": { "type": "Point", "coordinates": [ -116.624468524945442, 48.115656245380755 ] } },
{ "type": "Feature", "properties": { "reach_m": 69.968777914241869, "source": "cv" }, "geometry": { "type": "Point", "coordinates": [ -116.624447685794479, 48.115635090505002 ] } },
{ "type": "Feature", "properties": { "reach_m": 69.951329340924602, "source": "cv" }, "geometry": { "type": "Point", "coordinates": [ -116.62451199575851, 48.115452548543338 ] } },
{ "type": "Feature", "properties": { "reach_m": 69.964416178869087, "source": "cv" }, "geometry": { "type": "Point", "coordinates": [ -116.624649728379111, 48.115277275291234 ] } },
{ "type": "Feature", "properties": { "reach_m": 17.062757553001216, "source": "cv" }, "geometry": { "type": "Point", "coordinates": [ -116.625606171198854, 48.115104671905549 ] } },
{ "type": "Feature", "properties": { "reach_m": 51.378697023304319, "source": "cv" }, "geometry": { "type": "Point", "coordinates": [ -116.617296027798119, 48.113270864654496 ] } },
{ "type": "Feature", "properties": { "reach_m": 17.258376589355095, "source": "cv" }, "geometry": { "type": "Point", "coordinates": [ -116.616899534196961, 48.112953241763002 ] } },
{ "type": "Feature", "properties": { "reach_m": 69.408247945128977, "source": "cv" }, "geometry": { "type": "Point", "coordinates": [ -116.617634869408548, 48.112871343483057 ] } },
{ "type": "Feature", "properties": { "reach_m": 42.288651883513616, "source": "cv" }, "geometry": { "type": "Point", "coordinates": [ -116.617278376463247, 48.112820954327432 ] } },
{ "type": "Feature", "properties": { "reach_m": 36.776882174811938, "source": "cv" }, "geometry": { "type": "Point", "coordinates": [ -116.617237332776469, 48.11269429688253 ] } },
{ "type": "Feature", "properties": { "reach_m": 22.990529639940878, "source": "cv" }, "geometry": { "type": "Point", "coordinates": [ -116.617123915413472, 48.112419790773217 ] } },
{ "type": "Feature", "properties": { "reach_m": 13.372845912987257, "source": "cv" }, "geometry": { "type": "Point", "coordinates": [ -116.617008880115435, 48.112363176019564 ] } },
{ "type": "Feature", "properties": { "reach_m": 44.777280877834684, "source": "cv" }, "geometry": { "type": "Point", "coordinates": [ -116.62446044276092, 48.112443998622751 ] } },
{ "type": "Feature", "properties": { "reach_m": 12.5, "source": "cv" }, "geometry": { "type": "Point", "coordinates": [ -116.624891689498753, 48.112318886254236 ] } },
{ "type": "Feature", "properties": { "reach_m": 53.815594060295389, "source": "cv" }, "geometry": { "type": "Point", "coordinates": [ -116.617597631804713, 48.112231586864283 ] } },
{ "type": "Feature", "properties": { "reach_m": 18.75, "source": "cv" }, "geometry": { "type": "Point", "coordinates": [ -116.624798558305116, 48.112135830040188 ] } },
{ "type": "Feature", "properties": { "reach_m": 69.53125, "source": "cv" }, "geometry": { "type": "Point", "coordinates": [ -116.624117107287603, 48.112028169270666 ] } },
{ "type": "Feature", "properties": { "reach_m": 19.53125, "source": "cv" }, "geometry": { "type": "Point", "coordinates": [ -116.624789904691653, 48.11188276027098 ] } },
{ "type": "Feature", "properties": { "reach_m": 65.517955852289077, "source": "cv" }, "geometry": { "type": "Point", "coordinates": [ -116.618618471610972, 48.111862445736975 ] } },
{ "type": "Feature", "properties": { "reach_m": 53.90625, "source": "cv" }, "geometry": { "type": "Point", "coordinates": [ -116.62431847185529, 48.111761728312892 ] } },
{ "type": "Feature", "properties": { "reach_m": 53.90625, "source": "cv" }, "geometry": { "type": "Point", "coordinates": [ -116.624319137876952, 48.111670354381609 ] } },
{ "type": "Feature", "properties": { "reach_m": 55.46875, "source": "cv" }, "geometry": { "type": "Point", "coordinates": [ -116.624298197919217, 48.111663256996501 ] } },
{ "type": "Feature", "properties": { "reach_m": 48.97010607567131, "source": "cv" }, "geometry": { "type": "Point", "coordinates": [ -116.618746082918506, 48.111637943331722 ] } },
{ "type": "Feature", "properties": { "reach_m": 15.169131124177811, "source": "cv" }, "geometry": { "type": "Point", "coordinates": [ -116.617906592653625, 48.11161406850394 ] } },
{ "type": "Feature", "properties": { "reach_m": 53.314230994758802, "source": "cv" }, "geometry": { "type": "Point", "coordinates": [ -116.618903724550336, 48.111610350463508 ] } },
{ "type": "Feature", "properties": { "reach_m": 28.683687110446591, "source": "cv" }, "geometry": { "type": "Point", "coordinates": [ -116.618305528707026, 48.111601336311281 ] } },
{ "type": "Feature", "properties": { "reach_m": 11.535018015807344, "source": "cv" }, "geometry": { "type": "Point", "coordinates": [ -116.617948991769723, 48.111557978005642 ] } },
{ "type": "Feature", "properties": { "reach_m": 29.00111123948529, "source": "cv" }, "geometry": { "type": "Point", "coordinates": [ -116.618526560053851, 48.111517723020789 ] } },
{ "type": "Feature", "properties": { "reach_m": 12.228496751951976, "source": "cv" }, "geometry": { "type": "Point", "coordinates": [ -116.618169971433971, 48.111481394160542 ] } },
{ "type": "Feature", "properties": { "reach_m": 56.125078298943151, "source": "cv" }, "geometry": { "type": "Point", "coordinates": [ -116.61929320312376, 48.111457004838542 ] } },
{ "type": "Feature", "properties": { "reach_m": 16.719480124244292, "source": "cv" }, "geometry": { "type": "Point", "coordinates": [ -116.618590729706767, 48.111356270563071 ] } },
{ "type": "Feature", "properties": { "reach_m": 41.013764838770896, "source": "cv" }, "geometry": { "type": "Point", "coordinates": [ -116.619178583034966, 48.111344162164571 ] } },
{ "type": "Feature", "properties": { "reach_m": 69.84654636460202, "source": "cv" }, "geometry": { "type": "Point", "coordinates": [ -116.619839904759772, 48.111332293811266 ] } },
{ "type": "Feature", "properties": { "reach_m": 23.76079113397742, "source": "cv" }, "geometry": { "type": "Point", "coordinates": [ -116.625593291975207, 48.111098140066971 ] } },
{ "type": "Feature", "properties": { "reach_m": 23.619088215360897, "source": "cv" }, "geometry": { "type": "Point", "coordinates": [ -116.62567776628741, 48.11102812592145 ] } },
{ "type": "Feature", "properties": { "reach_m": 29.69777782616908, "source": "cv" }, "geometry": { "type": "Point", "coordinates": [ -116.619474533399966, 48.11106398517208 ] } },
{ "type": "Feature", "properties": { "reach_m": 51.975148057749678, "source": "cv" }, "geometry": { "type": "Point", "coordinates": [ -116.624660269080266, 48.110947489032462 ] } },
{ "type": "Feature", "properties": { "reach_m": 57.351412975727975, "source": "cv" }, "geometry": { "type": "Point", "coordinates": [ -116.620337180961528, 48.110792709884677 ] } },
{ "type": "Feature", "properties": { "reach_m": 9.4074957646814816, "source": "cv" }, "geometry": { "type": "Point", "coordinates": [ -116.619571379017088, 48.110740974888316 ] } },
{ "type": "Feature", "properties": { "reach_m": 40.019526483955303, "source": "cv" }, "geometry": { "type": "Point", "coordinates": [ -116.62014893692367, 48.110700711716305 ] } },
{ "type": "Feature", "properties": { "reach_m": 56.444974588088883, "source": "cv" }, "geometry": { "type": "Point", "coordinates": [ -116.620474501165688, 48.110673671595286 ] } },
{ "type": "Feature", "properties": { "reach_m": 69.824696785951033, "source": "cv" }, "geometry": { "type": "Point", "coordinates": [ -116.620800323623001, 48.110611486738748 ] } },
{ "type": "Feature", "properties": { "reach_m": 17.346565086855094, "source": "cv" }, "geometry": { "type": "Point", "coordinates": [ -116.619950716444379, 48.110538390914279 ] } },
{ "type": "Feature", "properties": { "reach_m": 42.540479343943694, "source": "cv" }, "geometry": { "type": "Point", "coordinates": [ -116.620475898537862, 48.110483895015037 ] } },
{ "type": "Feature", "properties": { "reach_m": 34.807295953039784, "source": "cv" }, "geometry": { "type": "Point", "coordinates": [ -116.620392246330624, 48.110441445130895 ] } },
{ "type": "Feature", "properties": { "reach_m": 36.013845536300344, "source": "cv" }, "geometry": { "type": "Point", "coordinates": [ -116.620455425407684, 48.110413538069473 ] } },
{ "type": "Feature", "properties": { "reach_m": 52.675024471992415, "source": "cv" }, "geometry": { "type": "Point", "coordinates": [ -116.620749294819845, 48.110414508223826 ] } },
{ "type": "Feature", "properties": { "reach_m": 69.877124296868431, "source": "cv" }, "geometry": { "type": "Point", "coordinates": [ -116.625409736949422, 48.110359504005189 ] } },
{ "type": "Feature", "properties": { "reach_m": 21.888946447065468, "source": "cv" }, "geometry": { "type": "Point", "coordinates": [ -116.620615338727021, 48.110076677276304 ] } },
{ "type": "Feature", "properties": { "reach_m": 58.651013684760812, "source": "cv" }, "geometry": { "type": "Point", "coordinates": [ -116.621297737720482, 48.110050812252702 ] } },
{ "type": "Feature", "properties": { "reach_m": 42.904781930456195, "source": "cv" }, "geometry": { "type": "Point", "coordinates": [ -116.625895430035499, 48.109960436893672 ] } },
{ "type": "Feature", "properties": { "reach_m": 10.15625, "source": "cv" }, "geometry": { "type": "Point", "coordinates": [ -116.626326244864288, 48.109891549165248 ] } },
{ "type": "Feature", "properties": { "reach_m": 69.877124296868431, "source": "cv" }, "geometry": { "type": "Point", "coordinates": [ -116.625497631912481, 48.109818562598463 ] } },
{ "type": "Feature", "properties": { "reach_m": 43.819698944937997, "source": "cv" }, "geometry": { "type": "Point", "coordinates": [ -116.625844229314936, 48.109784546872035 ] } },
{ "type": "Feature", "properties": { "reach_m": 13.643944684822639, "source": "cv" }, "geometry": { "type": "Point", "coordinates": [ -116.626233265807642, 48.109687407730441 ] } },
{ "type": "Feature", "properties": { "reach_m": 26.203921611325658, "source": "cv" }, "geometry": { "type": "Point", "coordinates": [ -116.626034724017316, 48.109567269962014 ] } },
{ "type": "Feature", "properties": { "reach_m": 62.850579253496143, "source": "cv" }, "geometry": { "type": "Point", "coordinates": [ -116.62545789826676, 48.109509160021965 ] } },
{ "type": "Feature", "properties": { "reach_m": 69.990582513828244, "source": "cv" }, "geometry": { "type": "Point", "coordinates": [ -116.625206270023213, 48.109473195001776 ] } },
{ "type": "Feature", "properties": { "reach_m": 42.626477705324191, "source": "cv" }, "geometry": { "type": "Point", "coordinates": [ -116.62578355433925, 48.109468047292744 ] } },
{ "type": "Feature", "properties": { "reach_m": 19.342841254906169, "source": "cv" }, "geometry": { "type": "Point", "coordinates": [ -116.62165994221408, 48.109320996091618 ] } },
{ "type": "Feature", "properties": { "reach_m": 22.710065396482239, "source": "cv" }, "geometry": { "type": "Point", "coordinates": [ -116.621775543203697, 48.109300289802327 ] } },
{ "type": "Feature", "properties": { "reach_m": 27.34375, "source": "cv" }, "geometry": { "type": "Point", "coordinates": [ -116.621964764495758, 48.109258738788284 ] } },
{ "type": "Feature", "properties": { "reach_m": 27.972677796825245, "source": "cv" }, "geometry": { "type": "Point", "coordinates": [ -116.62217538783473, 48.109161026349149 ] } },
{ "type": "Feature", "properties": { "reach_m": 69.968777914241869, "source": "cv" }, "geometry": { "type": "Point", "coordinates": [ -116.624138378706505, 48.109111231712788 ] } },
{ "type": "Feature", "properties": { "reach_m": 39.007774165062273, "source": "cv" }, "geometry": { "type": "Point", "coordinates": [ -116.625083088920945, 48.109093230756002 ] } },
{ "type": "Feature", "properties": { "reach_m": 45.021967294449716, "source": "cv" }, "geometry": { "type": "Point", "coordinates": [ -116.624946652978394, 48.109092785574845 ] } },
{ "type": "Feature", "properties": { "reach_m": 61.117522548774829, "source": "cv" }, "geometry": { "type": "Point", "coordinates": [ -116.623404699187901, 48.108975280068357 ] } },
{ "type": "Feature", "properties": { "reach_m": 48.317644050206958, "source": "cv" }, "geometry": { "type": "Point", "coordinates": [ -116.623898940809241, 48.108843348844943 ] } },
{ "type": "Feature", "properties": { "reach_m": 43.032622981001282, "source": "cv" }, "geometry": { "type": "Point", "coordinates": [ -116.623437673407622, 48.108771549004004 ] } },
{ "type": "Feature", "properties": { "reach_m": 29.45012003901682, "source": "cv" }, "geometry": { "type": "Point", "coordinates": [ -116.623112431040482, 48.108756424964774 ] } },
{ "type": "Feature", "properties": { "reach_m": 21.763106683100187, "source": "cv" }, "geometry": { "type": "Point", "coordinates": [ -116.624047460285666, 48.108625937812661 ] } },
{ "type": "Feature", "properties": { "reach_m": 9.6635288100413916, "source": "cv" }, "geometry": { "type": "Point", "coordinates": [ -116.623355870416887, 48.108476065652155 ] } },
{ "type": "Feature", "properties": { "reach_m": 47.005027989035383, "source": "cv" }, "geometry": { "type": "Point", "coordinates": [ -116.615905555571317, 48.1364686778265 ] } },
{ "type": "Feature", "properties": { "reach_m": 57.372693649178622, "source": "cv" }, "geometry": { "type": "Point", "coordinates": [ -116.615683101287999, 48.136728003568855 ] } },
{ "type": "Feature", "properties": { "reach_m": 47.80330793993236, "source": "cv" }, "geometry": { "type": "Point", "coordinates": [ -116.61583058290104, 48.136665236504562 ] } },
{ "type": "Feature", "properties": { "reach_m": 69.968777914241869, "source": "cv" }, "geometry": { "type": "Point", "coordinates": [ -116.615665457234385, 48.136278094851718 ] } },
{ "type": "Feature", "properties": { "reach_m": 17.556410198628306, "source": "cv" }, "geometry": { "type": "Point", "coordinates": [ -116.616474998106654, 48.136147249908291 ] } },
{ "type": "Feature", "properties": { "reach_m": 16.424840657522374, "source": "cv" }, "geometry": { "type": "Point", "coordinates": [ -116.616740284935872, 48.135775603006749 ] } },
{ "type": "Feature", "properties": { "reach_m": 44.373349441134145, "source": "cv" }, "geometry": { "type": "Point", "coordinates": [ -116.616627709659653, 48.135381608997889 ] } },
{ "type": "Feature", "properties": { "reach_m": 69.614591906079568, "source": "cv" }, "geometry": { "type": "Point", "coordinates": [ -116.616463157861745, 48.134917152379678 ] } },
{ "type": "Feature", "properties": { "reach_m": 38.153485772108688, "source": "cv" }, "geometry": { "type": "Point", "coordinates": [ -116.616925904087836, 48.134820290983413 ] } },
{ "type": "Feature", "properties": { "reach_m": 25.969953341554159, "source": "cv" }, "geometry": { "type": "Point", "coordinates": [ -116.617201210803017, 48.134511936472009 ] } },
{ "type": "Feature", "properties": { "reach_m": 38.472100788266033, "source": "cv" }, "geometry": { "type": "Point", "coordinates": [ -116.617033311468916, 48.134497319337022 ] } },
{ "type": "Feature", "properties": { "reach_m": 16.48048680447577, "source": "cv" }, "geometry": { "type": "Point", "coordinates": [ -116.617372504615744, 48.134069685876753 ] } },
{ "type": "Feature", "properties": { "reach_m": 22.65625, "source": "cv" }, "geometry": { "type": "Point", "coordinates": [ -116.617308145737681, 48.134252223119894 ] } },
{ "type": "Feature", "properties": { "reach_m": 20.3125, "source": "cv" }, "geometry": { "type": "Point", "coordinates": [ -116.617329877290175, 48.134153890813423 ] } },
{ "type": "Feature", "properties": { "reach_m": 53.90625, "source": "cv" }, "geometry": { "type": "Point", "coordinates": [ -116.616868654208631, 48.134046920686522 ] } },
{ "type": "Feature", "properties": { "reach_m": 69.548803963925224, "source": "cv" }, "geometry": { "type": "Point", "coordinates": [ -116.616438462295292, 48.134003312411821 ] } },
{ "type": "Feature", "properties": { "reach_m": 24.963352044797592, "source": "cv" }, "geometry": { "type": "Point", "coordinates": [ -116.617247495307325, 48.133935720448946 ] } },
{ "type": "Feature", "properties": { "reach_m": 32.970231009389359, "source": "cv" }, "geometry": { "type": "Point", "coordinates": [ -116.61713204619133, 48.133928307017939 ] } },
{ "type": "Feature", "properties": { "reach_m": 69.920783860201396, "source": "cv" }, "geometry": { "type": "Point", "coordinates": [ -116.616935270398329, 48.132149338138973 ] } },
{ "type": "Feature", "properties": { "reach_m": 15.819106821341084, "source": "cv" }, "geometry": { "type": "Point", "coordinates": [ -116.619785012768233, 48.131575401523513 ] } },
{ "type": "Feature", "properties": { "reach_m": 22.097086912079611, "source": "cv" }, "geometry": { "type": "Point", "coordinates": [ -116.619985906257043, 48.131386285427887 ] } },
{ "type": "Feature", "properties": { "reach_m": 21.035800027869158, "source": "cv" }, "geometry": { "type": "Point", "coordinates": [ -116.62065193718945, 48.130769941756604 ] } },
{ "type": "Feature", "properties": { "reach_m": 50.895304609069782, "source": "cv" }, "geometry": { "type": "Point", "coordinates": [ -116.620295887447497, 48.130642245668263 ] } },
{ "type": "Feature", "properties": { "reach_m": 58.38504497354181, "source": "cv" }, "geometry": { "type": "Point", "coordinates": [ -116.606361997783139, 48.130742974502873 ] } },
{ "type": "Feature", "properties": { "reach_m": 61.540486229087435, "source": "cv" }, "geometry": { "type": "Point", "coordinates": [ -116.606593200653649, 48.130715650490366 ] } },
{ "type": "Feature", "properties": { "reach_m": 54.222352185814479, "source": "cv" }, "geometry": { "type": "Point", "coordinates": [ -116.60662539687128, 48.130624384864319 ] } },
{ "type": "Feature", "properties": { "reach_m": 41.962653131236827, "source": "cv" }, "geometry": { "type": "Point", "coordinates": [ -116.620528221878288, 48.130460261374012 ] } },
{ "type": "Feature", "properties": { "reach_m": 27.918075601883807, "source": "cv" }, "geometry": { "type": "Point", "coordinates": [ -116.620823447480674, 48.130292541926693 ] } },
{ "type": "Feature", "properties": { "reach_m": 69.990582513828244, "source": "cv" }, "geometry": { "type": "Point", "coordinates": [ -116.607321092588094, 48.130268289480291 ] } },
{ "type": "Feature", "properties": { "reach_m": 47.238176430721794, "source": "cv" }, "geometry": { "type": "Point", "coordinates": [ -116.607101731853334, 48.130119932682966 ] } },
{ "type": "Feature", "properties": { "reach_m": 19.072743149583911, "source": "cv" }, "geometry": { "type": "Point", "coordinates": [ -116.606787824993276, 48.129978280945096 ] } },
{ "type": "Feature", "properties": { "reach_m": 69.535638906426968, "source": "cv" }, "geometry": { "type": "Point", "coordinates": [ -116.622106630423829, 48.127126729373217 ] } },
{ "type": "Feature", "properties": { "reach_m": 30.558761274387415, "source": "cv" }, "geometry": { "type": "Point", "coordinates": [ -116.622715609003194, 48.127121701171895 ] } },
{ "type": "Feature", "properties": { "reach_m": 43.777892894130936, "source": "cv" }, "geometry": { "type": "Point", "coordinates": [ -116.622621995680632, 48.127001902311314 ] } },
{ "type": "Feature", "properties": { "reach_m": 45.507393372533436, "source": "cv" }, "geometry": { "type": "Point", "coordinates": [ -116.622959652351199, 48.126771056390574 ] } },
{ "type": "Feature", "properties": { "reach_m": 54.418983647712494, "source": "cv" }, "geometry": { "type": "Point", "coordinates": [ -116.622591426447187, 48.126875281499551 ] } },
{ "type": "Feature", "properties": { "reach_m": 69.990582513828244, "source": "cv" }, "geometry": { "type": "Point", "coordinates": [ -116.622297256940243, 48.126902430784213 ] } },
{ "type": "Feature", "properties": { "reach_m": 69.964416178869087, "source": "cv" }, "geometry": { "type": "Point", "coordinates": [ -116.622877309577433, 48.126545861004111 ] } },
{ "type": "Feature", "properties": { "reach_m": 42.647950199863068, "source": "cv" }, "geometry": { "type": "Point", "coordinates": [ -116.62354891343864, 48.126590236260107 ] } },
{ "type": "Feature", "properties": { "reach_m": 23.083260472959623, "source": "cv" }, "geometry": { "type": "Point", "coordinates": [ -116.624599699005429, 48.126467152826592 ] } },
{ "type": "Feature", "properties": { "reach_m": 56.950928026898737, "source": "cv" }, "geometry": { "type": "Point", "coordinates": [ -116.623981409691098, 48.126310495535037 ] } },
{ "type": "Feature", "properties": { "reach_m": 40.33096718481346, "source": "cv" }, "geometry": { "type": "Point", "coordinates": [ -116.625160626079847, 48.125850439222738 ] } },
{ "type": "Feature", "properties": { "reach_m": 69.898957487308067, "source": "cv" }, "geometry": { "type": "Point", "coordinates": [ -116.624793946972105, 48.125743809020555 ] } },
{ "type": "Feature", "properties": { "reach_m": 46.959559147339746, "source": "cv" }, "geometry": { "type": "Point", "coordinates": [ -116.625235189270668, 48.125703075185768 ] } },
{ "type": "Feature", "properties": { "reach_m": 37.115542250686573, "source": "cv" }, "geometry": { "type": "Point", "coordinates": [ -116.625518851969801, 48.125675884146617 ] } },
{ "type": "Feature", "properties": { "reach_m": 31.444705933590793, "source": "cv" }, "geometry": { "type": "Point", "coordinates": [ -116.625707926226468, 48.125662442229682 ] } },
{ "type": "Feature", "properties": { "reach_m": 11.71875, "source": "cv" }, "geometry": { "type": "Point", "coordinates": [ -116.626970030486461, 48.125350244436284 ] } },
{ "type": "Feature", "properties": { "reach_m": 28.405717129215379, "source": "cv" }, "geometry": { "type": "Point", "coordinates": [ -116.626455150889427, 48.125411832363191 ] } },
{ "type": "Feature", "properties": { "reach_m": 29.69777782616908, "source": "cv" }, "geometry": { "type": "Point", "coordinates": [ -116.626549993143044, 48.125362938177965 ] } },
{ "type": "Feature", "properties": { "reach_m": 35.112820397256613, "source": "cv" }, "geometry": { "type": "Point", "coordinates": [ -116.626476708274581, 48.125334584367067 ] } },
{ "type": "Feature", "properties": { "reach_m": 53.764532919016418, "source": "cv" }, "geometry": { "type": "Point", "coordinates": [ -116.626583628117359, 48.125067833047794 ] } },
{ "type": "Feature", "properties": { "reach_m": 16.029909788033745, "source": "cv" }, "geometry": { "type": "Point", "coordinates": [ -116.626981037809614, 48.125279991016868 ] } },
{ "type": "Feature", "properties": { "reach_m": 31.444705933590793, "source": "cv" }, "geometry": { "type": "Point", "coordinates": [ -116.626983226215557, 48.124977754784219 ] } },
{ "type": "Feature", "properties": { "reach_m": 60.444722293389688, "source": "cv" }, "geometry": { "type": "Point", "coordinates": [ -116.626289114067617, 48.125144193835183 ] } },
{ "type": "Feature", "properties": { "reach_m": 15.349127112803515, "source": "cv" }, "geometry": { "type": "Point", "coordinates": [ -116.627373951484856, 48.124662721077968 ] } },
{ "type": "Feature", "properties": { "reach_m": 51.710252323040351, "source": "cv" }, "geometry": { "type": "Point", "coordinates": [ -116.626710575729774, 48.124934696056073 ] } },
{ "type": "Feature", "properties": { "reach_m": 69.53125, "source": "cv" }, "geometry": { "type": "Point", "coordinates": [ -116.626448118201907, 48.124933843301207 ] } },
{ "type": "Feature", "properties": { "reach_m": 20.025008778087962, "source": "cv" }, "geometry": { "type": "Point", "coordinates": [ -116.627417520290038, 48.124444965950012 ] } },
{ "type": "Feature", "properties": { "reach_m": 19.546868754995007, "source": "cv" }, "geometry": { "type": "Point", "coordinates": [ -116.6274602246733, 48.124346699563532 ] } },
{ "type": "Feature", "properties": { "reach_m": 28.168369339562418, "source": "cv" }, "geometry": { "type": "Point", "coordinates": [ -116.627355802098236, 48.124269042961416 ] } },
{ "type": "Feature", "properties": { "reach_m": 14.256474680386452, "source": "cv" }, "geometry": { "type": "Point", "coordinates": [ -116.62753498235756, 48.124171218968328 ] } },
{ "type": "Feature", "properties": { "reach_m": 24.21875, "source": "cv" }, "geometry": { "type": "Point", "coordinates": [ -116.627408750431471, 48.124205954384742 ] } },
{ "type": "Feature", "properties": { "reach_m": 61.960562684057351, "source": "cv" }, "geometry": { "type": "Point", "coordinates": [ -116.626447914857849, 48.123514001622581 ] } },
{ "type": "Feature", "properties": { "reach_m": 69.877124296868431, "source": "cv" }, "geometry": { "type": "Point", "coordinates": [ -116.626114528923495, 48.123161471690068 ] } },
{ "type": "Feature", "properties": { "reach_m": 69.968777914241869, "source": "cv" }, "geometry": { "type": "Point", "coordinates": [ -116.6259691396356, 48.122943102180606 ] } },
{ "type": "Feature", "properties": { "reach_m": 37.735264611666629, "source": "cv" }, "geometry": { "type": "Point", "coordinates": [ -116.626462285904537, 48.122979850630173 ] } },
{ "type": "Feature", "properties": { "reach_m": 23.892626189378294, "source": "cv" }, "geometry": { "type": "Point", "coordinates": [ -116.600889241221466, 48.13641048584617 ] } },
{ "type": "Feature", "properties": { "reach_m": 16.662145340159967, "source": "cv" }, "geometry": { "type": "Point", "coordinates": [ -116.600625432064078, 48.136367396047625 ] } },
{ "type": "Feature", "properties": { "reach_m": 57.819988925906465, "source": "cv" }, "geometry": { "type": "Point", "coordinates": [ -116.601722457152107, 48.136223595773117 ] } },
{ "type": "Feature", "properties": { "reach_m": 55.872846592117632, "source": "cv" }, "geometry": { "type": "Point", "coordinates": [ -116.601700358097531, 48.136174316867951 ] } },
{ "type": "Feature", "properties": { "reach_m": 65.221064058718881, "source": "cv" }, "geometry": { "type": "Point", "coordinates": [ -116.602062949934719, 48.136161515029166 ] } },
{ "type": "Feature", "properties": { "reach_m": 55.177392609460163, "source": "cv" }, "geometry": { "type": "Point", "coordinates": [ -116.601711869696189, 48.136139212242469 ] } },
{ "type": "Feature", "properties": { "reach_m": 69.953749510580991, "source": "cv" }, "geometry": { "type": "Point", "coordinates": [ -116.602406414646595, 48.136078356846532 ] } },
{ "type": "Feature", "properties": { "reach_m": 51.262905584816274, "source": "cv" }, "geometry": { "type": "Point", "coordinates": [ -116.601690314334334, 48.13601964618212 ] } },
{ "type": "Feature", "properties": { "reach_m": 66.574108333529338, "source": "cv" }, "geometry": { "type": "Point", "coordinates": [ -116.602492177804862, 48.135888873095723 ] } },
{ "type": "Feature", "properties": { "reach_m": 45.659890244438955, "source": "cv" }, "geometry": { "type": "Point", "coordinates": [ -116.60167205830453, 48.135836831414693 ] } },
{ "type": "Feature", "properties": { "reach_m": 60.227717614381895, "source": "cv" }, "geometry": { "type": "Point", "coordinates": [ -116.602383621583016, 48.135754948423191 ] } },
{ "type": "Feature", "properties": { "reach_m": 67.92336498134506, "source": "cv" }, "geometry": { "type": "Point", "coordinates": [ -116.602819756224662, 48.135679138460034 ] } },
{ "type": "Feature", "properties": { "reach_m": 40.30132917885566, "source": "cv" }, "geometry": { "type": "Point", "coordinates": [ -116.601648073823299, 48.135668054592657 ] } },
{ "type": "Feature", "properties": { "reach_m": 49.148758063916958, "source": "cv" }, "geometry": { "type": "Point", "coordinates": [ -116.601990992673791, 48.135655184795823 ] } },
{ "type": "Feature", "properties": { "reach_m": 38.542942519413529, "source": "cv" }, "geometry": { "type": "Point", "coordinates": [ -116.601617436576788, 48.135632803882089 ] } },
{ "type": "Feature", "properties": { "reach_m": 54.674082120334219, "source": "cv" }, "geometry": { "type": "Point", "coordinates": [ -116.60250110713163, 48.135460140830986 ] } },
{ "type": "Feature", "properties": { "reach_m": 61.697461967198599, "source": "cv" }, "geometry": { "type": "Point", "coordinates": [ -116.603067361521965, 48.135272317398737 ] } },
{ "type": "Feature", "properties": { "reach_m": 59.96589783970964, "source": "cv" }, "geometry": { "type": "Point", "coordinates": [ -116.603070658993119, 48.135209068645963 ] } },
{ "type": "Feature", "properties": { "reach_m": 67.512874043884651, "source": "cv" }, "geometry": { "type": "Point", "coordinates": [ -116.603416546734067, 48.135175118136424 ] } },
{ "type": "Feature", "properties": { "reach_m": 54.750372596144217, "source": "cv" }, "geometry": { "type": "Point", "coordinates": [ -116.603080551355077, 48.135019322382732 ] } },
{ "type": "Feature", "properties": { "reach_m": 69.981859819195392, "source": "cv" }, "geometry": { "type": "Point", "coordinates": [ -116.603701860441461, 48.134979292932506 ] } },
{ "type": "Feature", "properties": { "reach_m": 22.245247853913536, "source": "cv" }, "geometry": { "type": "Point", "coordinates": [ -116.601712518193935, 48.134965387476598 ] } },
{ "type": "Feature", "properties": { "reach_m": 19.333457132357793, "source": "cv" }, "geometry": { "type": "Point", "coordinates": [ -116.601733165783159, 48.134838938734724 ] } },
{ "type": "Feature", "properties": { "reach_m": 49.709804333185026, "source": "cv" }, "geometry": { "type": "Point", "coordinates": [ -116.603124324632049, 48.134808606395438 ] } },
{ "type": "Feature", "properties": { "reach_m": 69.946251520330023, "source": "cv" }, "geometry": { "type": "Point", "coordinates": [ -116.603902713634071, 48.134804262685151 ] } },
{ "type": "Feature", "properties": { "reach_m": 27.68792871825578, "source": "cv" }, "geometry": { "type": "Point", "coordinates": [ -116.602166375136136, 48.134777178917197 ] } },
{ "type": "Feature", "properties": { "reach_m": 33.651234360148528, "source": "cv" }, "geometry": { "type": "Point", "coordinates": [ -116.602585968038596, 48.134659139143267 ] } },
{ "type": "Feature", "properties": { "reach_m": 60.029639636395466, "source": "cv" }, "geometry": { "type": "Point", "coordinates": [ -116.603693271275816, 48.134634846971394 ] } },
{ "type": "Feature", "properties": { "reach_m": 52.411291271764647, "source": "cv" }, "geometry": { "type": "Point", "coordinates": [ -116.603485936633348, 48.134556813911466 ] } },
{ "type": "Feature", "properties": { "reach_m": 30.21293480146489, "source": "cv" }, "geometry": { "type": "Point", "coordinates": [ -116.602502106101866, 48.13460261789605 ] } },
{ "type": "Feature", "properties": { "reach_m": 64.326325401868473, "source": "cv" }, "geometry": { "type": "Point", "coordinates": [ -116.60391557488127, 48.13459343985474 ] } },
{ "type": "Feature", "properties": { "reach_m": 44.691431983589403, "source": "cv" }, "geometry": { "type": "Point", "coordinates": [ -116.603179391151201, 48.134590900470187 ] } },
{ "type": "Feature", "properties": { "reach_m": 24.262935860498505, "source": "cv" }, "geometry": { "type": "Point", "coordinates": [ -116.602263376423323, 48.134587734194248 ] } },
{ "type": "Feature", "properties": { "reach_m": 69.984670229057699, "source": "cv" }, "geometry": { "type": "Point", "coordinates": [ -116.604281288988361, 48.134538468350129 ] } },
{ "type": "Feature", "properties": { "reach_m": 69.984670229057699, "source": "cv" }, "geometry": { "type": "Point", "coordinates": [ -116.604470089360419, 48.134468829182801 ] } },
{ "type": "Feature", "properties": { "reach_m": 50.541642928667336, "source": "cv" }, "geometry": { "type": "Point", "coordinates": [ -116.603460972617583, 48.134514554352627 ] } },
{ "type": "Feature", "properties": { "reach_m": 48.374318211928134, "source": "cv" }, "geometry": { "type": "Point", "coordinates": [ -116.603433252911358, 48.134465256374455 ] } },
{ "type": "Feature", "properties": { "reach_m": 43.048557360101697, "source": "cv" }, "geometry": { "type": "Point", "coordinates": [ -116.603281791487035, 48.134429589146976 ] } },
{ "type": "Feature", "properties": { "reach_m": 55.203922202450727, "source": "cv" }, "geometry": { "type": "Point", "coordinates": [ -116.603770976250544, 48.134396132099376 ] } },
{ "type": "Feature", "properties": { "reach_m": 44.337470838934927, "source": "cv" }, "geometry": { "type": "Point", "coordinates": [ -116.603448546980971, 48.134303644316461 ] } },
{ "type": "Feature", "properties": { "reach_m": 43.304160810963523, "source": "cv" }, "geometry": { "type": "Point", "coordinates": [ -116.603513985120173, 48.134198436490607 ] } },
{ "type": "Feature", "properties": { "reach_m": 14.414688520771454, "source": "cv" }, "geometry": { "type": "Point", "coordinates": [ -116.602367896106131, 48.134152303692971 ] } },
{ "type": "Feature", "properties": { "reach_m": 44.75739651153097, "source": "cv" }, "geometry": { "type": "Point", "coordinates": [ -116.603629567239352, 48.134149632814115 ] } },
{ "type": "Feature", "properties": { "reach_m": 51.262905584816274, "source": "cv" }, "geometry": { "type": "Point", "coordinates": [ -116.603902175537982, 48.134143543724214 ] } },
{ "type": "Feature", "properties": { "reach_m": 45.616315468641773, "source": "cv" }, "geometry": { "type": "Point", "coordinates": [ -116.603719860626541, 48.134100741830956 ] } },
{ "type": "Feature", "properties": { "reach_m": 63.689922485183963, "source": "cv" }, "geometry": { "type": "Point", "coordinates": [ -116.604947974245974, 48.134076854054925 ] } },
{ "type": "Feature", "properties": { "reach_m": 62.38678931474297, "source": "cv" }, "geometry": { "type": "Point", "coordinates": [ -116.604835580890182, 48.134076467680273 ] } },
{ "type": "Feature", "properties": { "reach_m": 11.815255828850599, "source": "cv" }, "geometry": { "type": "Point", "coordinates": [ -116.602368601595501, 48.134060930356007 ] } },
{ "type": "Feature", "properties": { "reach_m": 46.637759430955803, "source": "cv" }, "geometry": { "type": "Point", "coordinates": [ -116.603827066904714, 48.13404488017003 ] } },
{ "type": "Feature", "properties": { "reach_m": 35.852808872624792, "source": "cv" }, "geometry": { "type": "Point", "coordinates": [ -116.603416939728007, 48.134029407932495 ] } },
{ "type": "Feature", "properties": { "reach_m": 46.807544888648067, "source": "cv" }, "geometry": { "type": "Point", "coordinates": [ -116.603858137249475, 48.13402390054641 ] } },
{ "type": "Feature", "properties": { "reach_m": 68.170011833590948, "source": "cv" }, "geometry": { "type": "Point", "coordinates": [ -116.605277155796017, 48.134021753803722 ] } },
{ "type": "Feature", "properties": { "reach_m": 51.032182885032086, "source": "cv" }, "geometry": { "type": "Point", "coordinates": [ -116.604055041551888, 48.133996463422939 ] } },
{ "type": "Feature", "properties": { "reach_m": 11.574198147843422, "source": "cv" }, "geometry": { "type": "Point", "coordinates": [ -116.602532602535405, 48.133927948409642 ] } },
{ "type": "Feature", "properties": { "reach_m": 68.712826118302019, "source": "cv" }, "geometry": { "type": "Point", "coordinates": [ -116.605424182480931, 48.133902767250568 ] } },
{ "type": "Feature", "properties": { "reach_m": 49.033460994702281, "source": "cv" }, "geometry": { "type": "Point", "coordinates": [ -116.604117668236512, 48.13389124556339 ] } },
{ "type": "Feature", "properties": { "reach_m": 69.987168276415034, "source": "cv" }, "geometry": { "type": "Point", "coordinates": [ -116.605500316948138, 48.13386788407049 ] } },
{ "type": "Feature", "properties": { "reach_m": 12.496609005119973, "source": "cv" }, "geometry": { "type": "Point", "coordinates": [ -116.602636945680388, 48.133879106861372 ] } },
{ "type": "Feature", "properties": { "reach_m": 57.054087124541503, "source": "cv" }, "geometry": { "type": "Point", "coordinates": [ -116.604929976886638, 48.133858896109466 ] } },
{ "type": "Feature", "properties": { "reach_m": 31.026560386224268, "source": "cv" }, "geometry": { "type": "Point", "coordinates": [ -116.60347492221004, 48.133797654086635 ] } },
{ "type": "Feature", "properties": { "reach_m": 49.404649361297857, "source": "cv" }, "geometry": { "type": "Point", "coordinates": [ -116.604405026102853, 48.133793830304938 ] } },
{ "type": "Feature", "properties": { "reach_m": 54.994506198071527, "source": "cv" }, "geometry": { "type": "Point", "coordinates": [ -116.60493051606889, 48.133788608901931 ] } },
{ "type": "Feature", "properties": { "reach_m": 44.785219029212385, "source": "cv" }, "geometry": { "type": "Point", "coordinates": [ -116.604084922960396, 48.133764612458734 ] } },
{ "type": "Feature", "properties": { "reach_m": 47.604724272370319, "source": "cv" }, "geometry": { "type": "Point", "coordinates": [ -116.604552000172347, 48.133681873587093 ] } },
{ "type": "Feature", "properties": { "reach_m": 61.161346545082921, "source": "cv" }, "geometry": { "type": "Point", "coordinates": [ -116.605397969140441, 48.1336566655418 ] } },
{ "type": "Feature", "properties": { "reach_m": 61.303747179406464, "source": "cv" }, "geometry": { "type": "Point", "coordinates": [ -116.605409262237615, 48.133649675407604 ] } },
{ "type": "Feature", "properties": { "reach_m": 65.693807613337015, "source": "cv" }, "geometry": { "type": "Point", "coordinates": [ -116.605578012375233, 48.133629167918471 ] } },
{ "type": "Feature", "properties": { "reach_m": 42.41234182460181, "source": "cv" }, "geometry": { "type": "Point", "coordinates": [ -116.604296955316684, 48.133596648904515 ] } },
{ "type": "Feature", "properties": { "reach_m": 47.159185500640262, "source": "cv" }, "geometry": { "type": "Point", "coordinates": [ -116.604898739455351, 48.133535459043195 ] } },
{ "type": "Feature", "properties": { "reach_m": 37.638758356813291, "source": "cv" }, "geometry": { "type": "Point", "coordinates": [ -116.604241839400586, 48.133455881003371 ] } },
{ "type": "Feature", "properties": { "reach_m": 42.484417425325184, "source": "cv" }, "geometry": { "type": "Point", "coordinates": [ -116.604705510337055, 48.133450447749112 ] } },
{ "type": "Feature", "properties": { "reach_m": 51.672650192604138, "source": "cv" }, "geometry": { "type": "Point", "coordinates": [ -116.605284490707433, 48.133431350875313 ] } },
{ "type": "Feature", "properties": { "reach_m": 57.043744334198919, "source": "cv" }, "geometry": { "type": "Point", "coordinates": [ -116.605520944508427, 48.133375931431047 ] } },
{ "type": "Feature", "properties": { "reach_m": 43.20311257895407, "source": "cv" }, "geometry": { "type": "Point", "coordinates": [ -116.604913866874355, 48.133394932914342 ] } },
{ "type": "Feature", "properties": { "reach_m": 25.454995506730842, "source": "cv" }, "geometry": { "type": "Point", "coordinates": [ -116.603716893610454, 48.133390812065059 ] } },
{ "type": "Feature", "properties": { "reach_m": 37.081306963685329, "source": "cv" }, "geometry": { "type": "Point", "coordinates": [ -116.604399782080904, 48.133379106775934 ] } },
{ "type": "Feature", "properties": { "reach_m": 27.502617156913672, "source": "cv" }, "geometry": { "type": "Point", "coordinates": [ -116.603815344613224, 48.1333770936618 ] } },
{ "type": "Feature", "properties": { "reach_m": 27.900220361144562, "source": "cv" }, "geometry": { "type": "Point", "coordinates": [ -116.603840686837643, 48.133370152108817 ] } },
{ "type": "Feature", "properties": { "reach_m": 40.388537560095564, "source": "cv" }, "geometry": { "type": "Point", "coordinates": [ -116.604759597761017, 48.133359257974817 ] } },
{ "type": "Feature", "properties": { "reach_m": 26.841512021087862, "source": "cv" }, "geometry": { "type": "Point", "coordinates": [ -116.60382118047886, 48.133348998151291 ] } },
{ "type": "Feature", "properties": { "reach_m": 35.45008296121199, "source": "cv" }, "geometry": { "type": "Point", "coordinates": [ -116.604360768912159, 48.133336799046084 ] } },
{ "type": "Feature", "properties": { "reach_m": 42.447880093980089, "source": "cv" }, "geometry": { "type": "Point", "coordinates": [ -116.605046735843445, 48.133289955976878 ] } },
{ "type": "Feature", "properties": { "reach_m": 21.488713932338758, "source": "cv" }, "geometry": { "type": "Point", "coordinates": [ -116.603709491817298, 48.133257237314496 ] } },
{ "type": "Feature", "properties": { "reach_m": 54.00163972430331, "source": "cv" }, "geometry": { "type": "Point", "coordinates": [ -116.605535962511752, 48.13324946265552 ] } },
{ "type": "Feature", "properties": { "reach_m": 66.278017236188191, "source": "cv" }, "geometry": { "type": "Point", "coordinates": [ -116.605864869201653, 48.133229504307451 ] } },
{ "type": "Feature", "properties": { "reach_m": 32.673296953079777, "source": "cv" }, "geometry": { "type": "Point", "coordinates": [ -116.604474186257661, 48.133203640180753 ] } },
{ "type": "Feature", "properties": { "reach_m": 53.853728051826053, "source": "cv" }, "geometry": { "type": "Point", "coordinates": [ -116.60557286657459, 48.133200386960908 ] } },
{ "type": "Feature", "properties": { "reach_m": 27.758085719956572, "source": "cv" }, "geometry": { "type": "Point", "coordinates": [ -116.604069685140104, 48.133188189626992 ] } },
{ "type": "Feature", "properties": { "reach_m": 26.078371634178414, "source": "cv" }, "geometry": { "type": "Point", "coordinates": [ -116.603968532875868, 48.133187841126563 ] } },
{ "type": "Feature", "properties": { "reach_m": 24.764836308075417, "source": "cv" }, "geometry": { "type": "Point", "coordinates": [ -116.603963237599544, 48.133145649438369 ] } },
{ "type": "Feature", "properties": { "reach_m": 38.107872549221376, "source": "cv" }, "geometry": { "type": "Point", "coordinates": [ -116.605042248200633, 48.133142333512346 ] } },
{ "type": "Feature", "properties": { "reach_m": 54.250351395839289, "source": "cv" }, "geometry": { "type": "Point", "coordinates": [ -116.605646566850425, 48.133116292978784 ] } },
{ "type": "Feature", "properties": { "reach_m": 25.337968337377028, "source": "cv" }, "geometry": { "type": "Point", "coordinates": [ -116.604073143332769, 48.133103854655964 ] } },
{ "type": "Feature", "properties": { "reach_m": 29.152008363952238, "source": "cv" }, "geometry": { "type": "Point", "coordinates": [ -116.604435659019657, 48.133098073984385 ] } },
{ "type": "Feature", "properties": { "reach_m": 34.722594443530262, "source": "cv" }, "geometry": { "type": "Point", "coordinates": [ -116.604995128786868, 48.133057824697737 ] } },
{ "type": "Feature", "properties": { "reach_m": 60.71450687766729, "source": "cv" }, "geometry": { "type": "Point", "coordinates": [ -116.605900791823487, 48.132941442306219 ] } },
{ "type": "Feature", "properties": { "reach_m": 23.209679195274788, "source": "cv" }, "geometry": { "type": "Point", "coordinates": [ -116.604361144811818, 48.132922094827585 ] } },
{ "type": "Feature", "properties": { "reach_m": 21.110114412097172, "source": "cv" }, "geometry": { "type": "Point", "coordinates": [ -116.604229247625881, 48.132900553996095 ] } },
{ "type": "Feature", "properties": { "reach_m": 27.943267223684281, "source": "cv" }, "geometry": { "type": "Point", "coordinates": [ -116.604900944341523, 48.132881778286226 ] } },
{ "type": "Feature", "properties": { "reach_m": 48.048405844406624, "source": "cv" }, "geometry": { "type": "Point", "coordinates": [ -116.605645640738999, 48.132870278054746 ] } },
{ "type": "Feature", "properties": { "reach_m": 29.06266426995116, "source": "cv" }, "geometry": { "type": "Point", "coordinates": [ -116.605005121409633, 48.1328540207329 ] } },
{ "type": "Feature", "properties": { "reach_m": 18.515884634426833, "source": "cv" }, "geometry": { "type": "Point", "coordinates": [ -116.604218656710529, 48.132816170637959 ] } },
{ "type": "Feature", "properties": { "reach_m": 19.075142665453015, "source": "cv" }, "geometry": { "type": "Point", "coordinates": [ -116.604342502353589, 48.1327884814133 ] } },
{ "type": "Feature", "properties": { "reach_m": 49.36039581483098, "source": "cv" }, "geometry": { "type": "Point", "coordinates": [ -116.605724959948134, 48.132786203297229 ] } },
{ "type": "Feature", "properties": { "reach_m": 15.260114132362411, "source": "cv" }, "geometry": { "type": "Point", "coordinates": [ -116.604315322721689, 48.132668896417037 ] } },
{ "type": "Feature", "properties": { "reach_m": 41.316122339962767, "source": "cv" }, "geometry": { "type": "Point", "coordinates": [ -116.605613592034402, 48.132652271958982 ] } },
{ "type": "Feature", "properties": { "reach_m": 24.262935860498505, "source": "cv" }, "geometry": { "type": "Point", "coordinates": [ -116.605116588512814, 48.13260839200192 ] } },
{ "type": "Feature", "properties": { "reach_m": 25.008078017014888, "source": "cv" }, "geometry": { "type": "Point", "coordinates": [ -116.605195638779534, 48.132559461219714 ] } },
{ "type": "Feature", "properties": { "reach_m": 14.679090003778454, "source": "cv" }, "geometry": { "type": "Point", "coordinates": [ -116.604664865584496, 48.132522492208984 ] } },
{ "type": "Feature", "properties": { "reach_m": 9.6531548708812718, "source": "cv" }, "geometry": { "type": "Point", "coordinates": [ -116.604356225152884, 48.13246519890329 ] } },
{ "type": "Feature", "properties": { "reach_m": 9.9672509208299438, "source": "cv" }, "geometry": { "type": "Point", "coordinates": [ -116.604406854564601, 48.132458344270091 ] } },
{ "type": "Feature", "properties": { "reach_m": 36.070362108582444, "source": "cv" }, "geometry": { "type": "Point", "coordinates": [ -116.605620933840328, 48.132427372108587 ] } },
{ "type": "Feature", "properties": { "reach_m": 10.969296595297605, "source": "cv" }, "geometry": { "type": "Point", "coordinates": [ -116.60461228973989, 48.132416877735423 ] } },
{ "type": "Feature", "properties": { "reach_m": 10.69491986944462, "source": "cv" }, "geometry": { "type": "Point", "coordinates": [ -116.604623636627721, 48.132402858954222 ] } },
{ "type": "Feature", "properties": { "reach_m": 9.5209448544740631, "source": "cv" }, "geometry": { "type": "Point", "coordinates": [ -116.604612667452088, 48.132367676679721 ] } },
{ "type": "Feature", "properties": { "reach_m": 43.316775265718825, "source": "cv" }, "geometry": { "type": "Point", "coordinates": [ -116.605826529307379, 48.132364817230702 ] } },
{ "type": "Feature", "properties": { "reach_m": 42.870512342167657, "source": "cv" }, "geometry": { "type": "Point", "coordinates": [ -116.605832363958413, 48.132336721609775 ] } },
{ "type": "Feature", "properties": { "reach_m": 8.4895760187960168, "source": "cv" }, "geometry": { "type": "Point", "coordinates": [ -116.604612937245889, 48.132332533068251 ] } },
{ "type": "Feature", "properties": { "reach_m": 15.205598179507611, "source": "cv" }, "geometry": { "type": "Point", "coordinates": [ -116.605096427886153, 48.132306079699902 ] } },
{ "type": "Feature", "properties": { "reach_m": 55.986939910777807, "source": "cv" }, "geometry": { "type": "Point", "coordinates": [ -116.606153157983471, 48.132274561167399 ] } },
{ "type": "Feature", "properties": { "reach_m": 10.653974390369088, "source": "cv" }, "geometry": { "type": "Point", "coordinates": [ -116.60492530348948, 48.13227034705892 ] } },
{ "type": "Feature", "properties": { "reach_m": 19.062536303457247, "source": "cv" }, "geometry": { "type": "Point", "coordinates": [ -116.605282301494015, 48.132250486937231 ] } },
{ "type": "Feature", "properties": { "reach_m": 12.826273049581257, "source": "cv" }, "geometry": { "type": "Point", "coordinates": [ -116.605071625314196, 48.132242734305251 ] } },
{ "type": "Feature", "properties": { "reach_m": 34.70685651295544, "source": "cv" }, "geometry": { "type": "Point", "coordinates": [ -116.605698249822126, 48.132237856871178 ] } },
{ "type": "Feature", "properties": { "reach_m": 9.9847757711460758, "source": "cv" }, "geometry": { "type": "Point", "coordinates": [ -116.604950914582503, 48.132228261644393 ] } },
{ "type": "Feature", "properties": { "reach_m": 11.504125454141239, "source": "cv" }, "geometry": { "type": "Point", "coordinates": [ -116.605046553306551, 48.132214532518965 ] } },
{ "type": "Feature", "properties": { "reach_m": 47.417978834756596, "source": "cv" }, "geometry": { "type": "Point", "coordinates": [ -116.60601337016179, 48.132182706261304 ] } },
{ "type": "Feature", "properties": { "reach_m": 14.399519950305978, "source": "cv" }, "geometry": { "type": "Point", "coordinates": [ -116.605209948801686, 48.132158862627065 ] } },
{ "type": "Feature", "properties": { "reach_m": 32.412744470995271, "source": "cv" }, "geometry": { "type": "Point", "coordinates": [ -116.60571321323296, 48.132118416768769 ] } },
{ "type": "Feature", "properties": { "reach_m": 15.146558274244461, "source": "cv" }, "geometry": { "type": "Point", "coordinates": [ -116.605280569107293, 48.132109902826258 ] } },
{ "type": "Feature", "properties": { "reach_m": 33.809319581155322, "source": "cv" }, "geometry": { "type": "Point", "coordinates": [ -116.605758330276558, 48.132097484813166 ] } },
{ "type": "Feature", "properties": { "reach_m": 49.342683283242536, "source": "cv" }, "geometry": { "type": "Point", "coordinates": [ -116.606106843847101, 48.132084621935292 ] } },
{ "type": "Feature", "properties": { "reach_m": 12.850104234388729, "source": "cv" }, "geometry": { "type": "Point", "coordinates": [ -116.605255712531175, 48.132053586192022 ] } },
{ "type": "Feature", "properties": { "reach_m": 33.567355666271879, "source": "cv" }, "geometry": { "type": "Point", "coordinates": [ -116.605786911721012, 48.13203432267585 ] } },
{ "type": "Feature", "properties": { "reach_m": 31.066682320520542, "source": "cv" }, "geometry": { "type": "Point", "coordinates": [ -116.605750654339374, 48.131999053768389 ] } },
{ "type": "Feature", "properties": { "reach_m": 47.867957113975841, "source": "cv" }, "geometry": { "type": "Point", "coordinates": [ -116.606141259300017, 48.131993364071114 ] } },
{ "type": "Feature", "properties": { "reach_m": 31.802213658855141, "source": "cv" }, "geometry": { "type": "Point", "coordinates": [ -116.605821704257025, 48.131893863841213 ] } },
{ "type": "Feature", "properties": { "reach_m": 28.11168623061943, "source": "cv" }, "geometry": { "type": "Point", "coordinates": [ -116.605737358999448, 48.13190060344489 ] } },
{ "type": "Feature", "properties": { "reach_m": 30.00753802575738, "source": "cv" }, "geometry": { "type": "Point", "coordinates": [ -116.605833696194978, 48.131795500250597 ] } },
{ "type": "Feature", "properties": { "reach_m": 29.980580015509261, "source": "cv" }, "geometry": { "type": "Point", "coordinates": [ -116.605847959900402, 48.131767433533568 ] } },
{ "type": "Feature", "properties": { "reach_m": 30.694443306728321, "source": "cv" }, "geometry": { "type": "Point", "coordinates": [ -116.605881945321613, 48.13173240553585 ] } },
{ "type": "Feature", "properties": { "reach_m": 25.04737077394163, "source": "cv" }, "geometry": { "type": "Point", "coordinates": [ -116.605823909749574, 48.131605686154877 ] } },
{ "type": "Feature", "properties": { "reach_m": 21.581060369348258, "source": "cv" }, "geometry": { "type": "Point", "coordinates": [ -116.605748047866129, 48.131605425952159 ] } },
{ "type": "Feature", "properties": { "reach_m": 11.252523310735876, "source": "cv" }, "geometry": { "type": "Point", "coordinates": [ -116.605514842823752, 48.131604625756218 ] } },
{ "type": "Feature", "properties": { "reach_m": 10.03716673388994, "source": "cv" }, "geometry": { "type": "Point", "coordinates": [ -116.605555093701412, 48.131485272452807 ] } },
{ "type": "Feature", "properties": { "reach_m": 16.063820703211103, "source": "cv" }, "geometry": { "type": "Point", "coordinates": [ -116.605652894796265, 48.131555897149411 ] } },
{ "type": "Feature", "properties": { "reach_m": 33.546516082909015, "source": "cv" }, "geometry": { "type": "Point", "coordinates": [ -116.606068783672669, 48.131550294449418 ] } },
{ "type": "Feature", "properties": { "reach_m": 28.390934159015881, "source": "cv" }, "geometry": { "type": "Point", "coordinates": [ -116.605934025797794, 48.131535774671121 ] } },
{ "type": "Feature", "properties": { "reach_m": 33.466293131689802, "source": "cv" }, "geometry": { "type": "Point", "coordinates": [ -116.606080129972554, 48.131536275520673 ] } },
{ "type": "Feature", "properties": { "reach_m": 23.214386563581034, "source": "cv" }, "geometry": { "type": "Point", "coordinates": [ -116.605824501461186, 48.131528370187759 ] } },
{ "type": "Feature", "properties": { "reach_m": 34.43503831698257, "source": "cv" }, "geometry": { "type": "Point", "coordinates": [ -116.606128002300665, 48.131522381770488 ] } },
{ "type": "Feature", "properties": { "reach_m": 20.83082919782456, "source": "cv" }, "geometry": { "type": "Point", "coordinates": [ -116.605856645218523, 48.131366815519129 ] } },
{ "type": "Feature", "properties": { "reach_m": 28.829377041542909, "source": "cv" }, "geometry": { "type": "Point", "coordinates": [ -116.606174838457832, 48.131276530454464 ] } },
{ "type": "Feature", "properties": { "reach_m": 23.061379053028116, "source": "cv" }, "geometry": { "type": "Point", "coordinates": [ -116.606063203818877, 48.131177743147596 ] } },
{ "type": "Feature", "properties": { "reach_m": 25.667875798408772, "source": "cv" }, "geometry": { "type": "Point", "coordinates": [ -116.606167215581593, 48.131171070696503 ] } },
{ "type": "Feature", "properties": { "reach_m": 8.655279213538952, "source": "cv" }, "geometry": { "type": "Point", "coordinates": [ -116.605780771463031, 48.131001052016494 ] } },
{ "type": "Feature", "properties": { "reach_m": 12.235056004087548, "source": "cv" }, "geometry": { "type": "Point", "coordinates": [ -116.605969933222141, 48.130882209225078 ] } },
{ "type": "Feature", "properties": { "reach_m": 9.9387071323037173, "source": "cv" }, "geometry": { "type": "Point", "coordinates": [ -116.60606966900734, 48.130699799460118 ] } },
{ "type": "Feature", "properties": { "reach_m": 10.913371193683751, "source": "cv" }, "geometry": { "type": "Point", "coordinates": [ -116.606145798292019, 48.130664915818706 ] } },
{ "type": "Feature", "properties": { "reach_m": 39.132749332400607, "source": "cv" }, "geometry": { "type": "Point", "coordinates": [ -116.611594258000736, 48.141431165863018 ] } },
{ "type": "Feature", "properties": { "reach_m": 40.879610787347282, "source": "cv" }, "geometry": { "type": "Point", "coordinates": [ -116.611594417347618, 48.141410042819025 ] } },
{ "type": "Feature", "properties": { "reach_m": 46.225975601521924, "source": "cv" }, "geometry": { "type": "Point", "coordinates": [ -116.611594895387171, 48.14134667368652 ] } },
{ "type": "Feature", "properties": { "reach_m": 34.241573438767389, "source": "cv" }, "geometry": { "type": "Point", "coordinates": [ -116.611752260540513, 48.141368328942306 ] } },
{ "type": "Feature", "properties": { "reach_m": 52.813886816111157, "source": "cv" }, "geometry": { "type": "Point", "coordinates": [ -116.611510977985418, 48.141333715925832 ] } },
{ "type": "Feature", "properties": { "reach_m": 62.889411867181586, "source": "cv" }, "geometry": { "type": "Point", "coordinates": [ -116.611311160060382, 48.141371062814635 ] } },
{ "type": "Feature", "properties": { "reach_m": 10.186253758129139, "source": "cv" }, "geometry": { "type": "Point", "coordinates": [ -116.612140852817049, 48.141365416198667 ] } },
{ "type": "Feature", "properties": { "reach_m": 37.27143888086426, "source": "cv" }, "geometry": { "type": "Point", "coordinates": [ -116.611731384705919, 48.141351359557582 ] } },
{ "type": "Feature", "properties": { "reach_m": 63.010609535716291, "source": "cv" }, "geometry": { "type": "Point", "coordinates": [ -116.610880720816581, 48.141352707505263 ] } },
{ "type": "Feature", "properties": { "reach_m": 29.074678228013116, "source": "cv" }, "geometry": { "type": "Point", "coordinates": [ -116.611867937744179, 48.141347596048654 ] } },
{ "type": "Feature", "properties": { "reach_m": 16.424840657522374, "source": "cv" }, "geometry": { "type": "Point", "coordinates": [ -116.612214905163469, 48.141293845885592 ] } },
{ "type": "Feature", "properties": { "reach_m": 68.687827001041455, "source": "cv" }, "geometry": { "type": "Point", "coordinates": [ -116.61090194755775, 48.141323206350116 ] } },
{ "type": "Feature", "properties": { "reach_m": 10.481568644530265, "source": "cv" }, "geometry": { "type": "Point", "coordinates": [ -116.612288257434386, 48.141315216927097 ] } },
{ "type": "Feature", "properties": { "reach_m": 8.7346405371085538, "source": "cv" }, "geometry": { "type": "Point", "coordinates": [ -116.612445908983673, 48.141298849750505 ] } },
{ "type": "Feature", "properties": { "reach_m": 50.70306481121235, "source": "cv" }, "geometry": { "type": "Point", "coordinates": [ -116.611563581731588, 48.14132121956527 ] } },
{ "type": "Feature", "properties": { "reach_m": 67.540858582971836, "source": "cv" }, "geometry": { "type": "Point", "coordinates": [ -116.611343270869057, 48.141290901785844 ] } },
{ "type": "Feature", "properties": { "reach_m": 61.022576828682837, "source": "cv" }, "geometry": { "type": "Point", "coordinates": [ -116.610492480147357, 48.141309145297093 ] } },
{ "type": "Feature", "properties": { "reach_m": 8.4143200111476624, "source": "cv" }, "geometry": { "type": "Point", "coordinates": [ -116.612530049115406, 48.14128223456359 ] } },
{ "type": "Feature", "properties": { "reach_m": 21.452390965228098, "source": "cv" }, "geometry": { "type": "Point", "coordinates": [ -116.612130987688971, 48.141280888577271 ] } },
{ "type": "Feature", "properties": { "reach_m": 20.3125, "source": "cv" }, "geometry": { "type": "Point", "coordinates": [ -116.612320239449616, 48.141251954057502 ] } },
{ "type": "Feature", "properties": { "reach_m": 14.084184669781209, "source": "cv" }, "geometry": { "type": "Point", "coordinates": [ -116.612362023248068, 48.14128166800139 ] } },
{ "type": "Feature", "properties": { "reach_m": 21.338281693355725, "source": "cv" }, "geometry": { "type": "Point", "coordinates": [ -116.612236162933741, 48.141260119872356 ] } },
{ "type": "Feature", "properties": { "reach_m": 69.91641913071993, "source": "cv" }, "geometry": { "type": "Point", "coordinates": [ -116.610335499385172, 48.141236793018727 ] } },
{ "type": "Feature", "properties": { "reach_m": 24.816219022294671, "source": "cv" }, "geometry": { "type": "Point", "coordinates": [ -116.608802457880913, 48.141206237117089 ] } },
{ "type": "Feature", "properties": { "reach_m": 24.456993503903952, "source": "cv" }, "geometry": { "type": "Point", "coordinates": [ -116.61216268347286, 48.141255647234537 ] } },
{ "type": "Feature", "properties": { "reach_m": 69.675937942197805, "source": "cv" }, "geometry": { "type": "Point", "coordinates": [ -116.610262052108538, 48.141228094558052 ] } },
{ "type": "Feature", "properties": { "reach_m": 35.294865618989121, "source": "cv" }, "geometry": { "type": "Point", "coordinates": [ -116.609148946444265, 48.141215865329073 ] } },
{ "type": "Feature", "properties": { "reach_m": 24.705294220065461, "source": "cv" }, "geometry": { "type": "Point", "coordinates": [ -116.612341465325699, 48.14122245263362 ] } },
{ "type": "Feature", "properties": { "reach_m": 32.849681315044748, "source": "cv" }, "geometry": { "type": "Point", "coordinates": [ -116.608918167978345, 48.141181282586281 ] } },
{ "type": "Feature", "properties": { "reach_m": 18.879759333741518, "source": "cv" }, "geometry": { "type": "Point", "coordinates": [ -116.612593630986808, 48.141206403991347 ] } },
{ "type": "Feature", "properties": { "reach_m": 33.892206192943533, "source": "cv" }, "geometry": { "type": "Point", "coordinates": [ -116.60904402668929, 48.141202834344604 ] } },
{ "type": "Feature", "properties": { "reach_m": 16.086922095292188, "source": "cv" }, "geometry": { "type": "Point", "coordinates": [ -116.612698678781157, 48.141202533299968 ] } },
{ "type": "Feature", "properties": { "reach_m": 67.432330084500265, "source": "cv" }, "geometry": { "type": "Point", "coordinates": [ -116.609915819289228, 48.141184672835884 ] } },
{ "type": "Feature", "properties": { "reach_m": 53.80992299288301, "source": "cv" }, "geometry": { "type": "Point", "coordinates": [ -116.609464346909931, 48.141170465550807 ] } },
{ "type": "Feature", "properties": { "reach_m": 11.899645477912358, "source": "cv" }, "geometry": { "type": "Point", "coordinates": [ -116.608214657814486, 48.14116621253919 ] } },
{ "type": "Feature", "properties": { "reach_m": 52.407843222651316, "source": "cv" }, "geometry": { "type": "Point", "coordinates": [ -116.609244102076431, 48.141131694536249 ] } },
{ "type": "Feature", "properties": { "reach_m": 66.736312091413168, "source": "cv" }, "geometry": { "type": "Point", "coordinates": [ -116.609779490680751, 48.141158861769952 ] } },
{ "type": "Feature", "properties": { "reach_m": 67.082949177212683, "source": "cv" }, "geometry": { "type": "Point", "coordinates": [ -116.609685136515694, 48.141137417807514 ] } },
{ "type": "Feature", "properties": { "reach_m": 45.774850235282038, "source": "cv" }, "geometry": { "type": "Point", "coordinates": [ -116.609034102518251, 48.141126755684496 ] } },
{ "type": "Feature", "properties": { "reach_m": 44.373349441134145, "source": "cv" }, "geometry": { "type": "Point", "coordinates": [ -116.608866269785324, 48.141100836367087 ] } },
{ "type": "Feature", "properties": { "reach_m": 48.913987007807904, "source": "cv" }, "geometry": { "type": "Point", "coordinates": [ -116.609118115165288, 48.141127041428113 ] } },
{ "type": "Feature", "properties": { "reach_m": 61.167434784573075, "source": "cv" }, "geometry": { "type": "Point", "coordinates": [ -116.609359843847173, 48.141102514951541 ] } },
{ "type": "Feature", "properties": { "reach_m": 17.556410198628306, "source": "cv" }, "geometry": { "type": "Point", "coordinates": [ -116.613203612544794, 48.141090166306405 ] } },
{ "type": "Feature", "properties": { "reach_m": 49.268328204461135, "source": "cv" }, "geometry": { "type": "Point", "coordinates": [ -116.608730198764221, 48.14104122719688 ] } },
{ "type": "Feature", "properties": { "reach_m": 18.895916597574725, "source": "cv" }, "geometry": { "type": "Point", "coordinates": [ -116.613256215635673, 48.141077669168865 ] } },
{ "type": "Feature", "properties": { "reach_m": 15.819106821341084, "source": "cv" }, "geometry": { "type": "Point", "coordinates": [ -116.613539853324397, 48.141065949061144 ] } },
{ "type": "Feature", "properties": { "reach_m": 51.710252323040351, "source": "cv" }, "geometry": { "type": "Point", "coordinates": [ -116.608845651769201, 48.141050069598847 ] } },
{ "type": "Feature", "properties": { "reach_m": 45.076161677348928, "source": "cv" }, "geometry": { "type": "Point", "coordinates": [ -116.60862515102292, 48.141045094261393 ] } },
{ "type": "Feature", "properties": { "reach_m": 21.875, "source": "cv" }, "geometry": { "type": "Point", "coordinates": [ -116.613424399449173, 48.141057111372227 ] } },
{ "type": "Feature", "properties": { "reach_m": 41.228983756121131, "source": "cv" }, "geometry": { "type": "Point", "coordinates": [ -116.608457190260154, 48.141036072777808 ] } },
{ "type": "Feature", "properties": { "reach_m": 19.02468072169675, "source": "cv" }, "geometry": { "type": "Point", "coordinates": [ -116.613477034167715, 48.14104038952329 ] } },
{ "type": "Feature", "properties": { "reach_m": 38.795965681047299, "source": "cv" }, "geometry": { "type": "Point", "coordinates": [ -116.6082053778171, 48.141005641662908 ] } },
{ "type": "Feature", "properties": { "reach_m": 26.848187933499347, "source": "cv" }, "geometry": { "type": "Point", "coordinates": [ -116.613340577227447, 48.141031481116805 ] } },
{ "type": "Feature", "properties": { "reach_m": 61.842241959885314, "source": "cv" }, "geometry": { "type": "Point", "coordinates": [ -116.608877573658233, 48.140995256910905 ] } },
{ "type": "Feature", "properties": { "reach_m": 10.481568644530265, "source": "cv" }, "geometry": { "type": "Point", "coordinates": [ -116.607428295009612, 48.140998765418203 ] } },
{ "type": "Feature", "properties": { "reach_m": 59.39555565233816, "source": "cv" }, "geometry": { "type": "Point", "coordinates": [ -116.608825033793451, 48.140999302826536 ] } },
{ "type": "Feature", "properties": { "reach_m": 11.185797705684651, "source": "cv" }, "geometry": { "type": "Point", "coordinates": [ -116.607250155320983, 48.140947460232773 ] } },
{ "type": "Feature", "properties": { "reach_m": 53.10776374799169, "source": "cv" }, "geometry": { "type": "Point", "coordinates": [ -116.608594063828605, 48.140990067081042 ] } },
{ "type": "Feature", "properties": { "reach_m": 56.255425085608415, "source": "cv" }, "geometry": { "type": "Point", "coordinates": [ -116.608667606804744, 48.140986092783315 ] } },
{ "type": "Feature", "properties": { "reach_m": 52.063147129831677, "source": "cv" }, "geometry": { "type": "Point", "coordinates": [ -116.608510115654212, 48.140981331739845 ] } },
{ "type": "Feature", "properties": { "reach_m": 10.85347186675766, "source": "cv" }, "geometry": { "type": "Point", "coordinates": [ -116.607292064823554, 48.140960277584789 ] } },
{ "type": "Feature", "properties": { "reach_m": 56.967001481669186, "source": "cv" }, "geometry": { "type": "Point", "coordinates": [ -116.608531311476412, 48.140956055631513 ] } },
{ "type": "Feature", "properties": { "reach_m": 15.625, "source": "cv" }, "geometry": { "type": "Point", "coordinates": [ -116.607344701417276, 48.140943558549061 ] } },
{ "type": "Feature", "properties": { "reach_m": 10.15625, "source": "cv" }, "geometry": { "type": "Point", "coordinates": [ -116.607071919269174, 48.140908828592501 ] } },
{ "type": "Feature", "properties": { "reach_m": 48.115106531758819, "source": "cv" }, "geometry": { "type": "Point", "coordinates": [ -116.607817946549346, 48.140856455246556 ] } },
{ "type": "Feature", "properties": { "reach_m": 36.85148879709611, "source": "cv" }, "geometry": { "type": "Point", "coordinates": [ -116.607785959258464, 48.140919716853162 ] } },
{ "type": "Feature", "properties": { "reach_m": 51.851698456390992, "source": "cv" }, "geometry": { "type": "Point", "coordinates": [ -116.608205988608304, 48.140925374121636 ] } },
{ "type": "Feature", "properties": { "reach_m": 46.377568998924467, "source": "cv" }, "geometry": { "type": "Point", "coordinates": [ -116.608058967068672, 48.140924872864844 ] } },
{ "type": "Feature", "properties": { "reach_m": 9.5363715747919553, "source": "cv" }, "geometry": { "type": "Point", "coordinates": [ -116.607040446910048, 48.140904496278452 ] } },
{ "type": "Feature", "properties": { "reach_m": 15.799803450122409, "source": "cv" }, "geometry": { "type": "Point", "coordinates": [ -116.614664596838082, 48.140926084985473 ] } },
{ "type": "Feature", "properties": { "reach_m": 49.193942160722393, "source": "cv" }, "geometry": { "type": "Point", "coordinates": [ -116.608132477837998, 48.140925123516752 ] } },
{ "type": "Feature", "properties": { "reach_m": 69.877124296868431, "source": "cv" }, "geometry": { "type": "Point", "coordinates": [ -116.608741631313805, 48.140918749322779 ] } },
{ "type": "Feature", "properties": { "reach_m": 62.913670079025749, "source": "cv" }, "geometry": { "type": "Point", "coordinates": [ -116.608489626531039, 48.140913666477289 ] } },
{ "type": "Feature", "properties": { "reach_m": 10.85347186675766, "source": "cv" }, "geometry": { "type": "Point", "coordinates": [ -116.606925220315674, 48.140866079816753 ] } },
{ "type": "Feature", "properties": { "reach_m": 14.84375, "source": "cv" }, "geometry": { "type": "Point", "coordinates": [ -116.614738076055772, 48.140930556023399 ] } },
{ "type": "Feature", "properties": { "reach_m": 20.80238586827242, "source": "cv" }, "geometry": { "type": "Point", "coordinates": [ -116.607344959157203, 48.140909761692839 ] } },
{ "type": "Feature", "properties": { "reach_m": 65.368733267996717, "source": "cv" }, "geometry": { "type": "Point", "coordinates": [ -116.608426810083643, 48.140888104185933 ] } },
{ "type": "Feature", "properties": { "reach_m": 55.737684317928029, "source": "cv" }, "geometry": { "type": "Point", "coordinates": [ -116.607860242222145, 48.140818577103715 ] } },
{ "type": "Feature", "properties": { "reach_m": 56.988425702615267, "source": "cv" }, "geometry": { "type": "Point", "coordinates": [ -116.608269126407407, 48.14090869045841 ] } },
{ "type": "Feature", "properties": { "reach_m": 26.203921611325658, "source": "cv" }, "geometry": { "type": "Point", "coordinates": [ -116.607429068064917, 48.140897374848876 ] } },
{ "type": "Feature", "properties": { "reach_m": 9.6635288100413916, "source": "cv" }, "geometry": { "type": "Point", "coordinates": [ -116.613519991770431, 48.14091379247612 ] } },
{ "type": "Feature", "properties": { "reach_m": 39.007774165062273, "source": "cv" }, "geometry": { "type": "Point", "coordinates": [ -116.60770220446831, 48.140885633278941 ] } },
{ "type": "Feature", "properties": { "reach_m": 65.41073652792025, "source": "cv" }, "geometry": { "type": "Point", "coordinates": [ -116.608280013631543, 48.140858030959087 ] } },
{ "type": "Feature", "properties": { "reach_m": 26.5625, "source": "cv" }, "geometry": { "type": "Point", "coordinates": [ -116.607271867321586, 48.140854590646001 ] } },
{ "type": "Feature", "properties": { "reach_m": 25.351532405606175, "source": "cv" }, "geometry": { "type": "Point", "coordinates": [ -116.607240362752435, 48.140854482993745 ] } },
{ "type": "Feature", "properties": { "reach_m": 35.775791068297849, "source": "cv" }, "geometry": { "type": "Point", "coordinates": [ -116.607440020531826, 48.140838266217024 ] } },
{ "type": "Feature", "properties": { "reach_m": 26.262087990580639, "source": "cv" }, "geometry": { "type": "Point", "coordinates": [ -116.607114634604329, 48.140816030835509 ] } },
{ "type": "Feature", "properties": { "reach_m": 30.787594523809425, "source": "cv" }, "geometry": { "type": "Point", "coordinates": [ -116.606863340157403, 48.140718003072585 ] } },
{ "type": "Feature", "properties": { "reach_m": 39.007774165062273, "source": "cv" }, "geometry": { "type": "Point", "coordinates": [ -116.607335359733014, 48.140791436818127 ] } },
{ "type": "Feature", "properties": { "reach_m": 23.85052737886523, "source": "cv" }, "geometry": { "type": "Point", "coordinates": [ -116.60702018545804, 48.14080725850981 ] } },
{ "type": "Feature", "properties": { "reach_m": 56.563794874681108, "source": "cv" }, "geometry": { "type": "Point", "coordinates": [ -116.607682102721299, 48.140767272586679 ] } },
{ "type": "Feature", "properties": { "reach_m": 51.592084315934549, "source": "cv" }, "geometry": { "type": "Point", "coordinates": [ -116.607639935732806, 48.140788252234962 ] } },
{ "type": "Feature", "properties": { "reach_m": 42.483050388507884, "source": "cv" }, "geometry": { "type": "Point", "coordinates": [ -116.607157349784586, 48.140723233060726 ] } },
{ "type": "Feature", "properties": { "reach_m": 66.589819804250112, "source": "cv" }, "geometry": { "type": "Point", "coordinates": [ -116.607850287695669, 48.140746722948727 ] } },
{ "type": "Feature", "properties": { "reach_m": 23.306927953400468, "source": "cv" }, "geometry": { "type": "Point", "coordinates": [ -116.606747694651887, 48.140734506323149 ] } },
{ "type": "Feature", "properties": { "reach_m": 69.772229880519092, "source": "cv" }, "geometry": { "type": "Point", "coordinates": [ -116.607798037627688, 48.140712746928799 ] } },
{ "type": "Feature", "properties": { "reach_m": 52.669230595884919, "source": "cv" }, "geometry": { "type": "Point", "coordinates": [ -116.607315065547226, 48.140698423705345 ] } },
{ "type": "Feature", "properties": { "reach_m": 35.15625, "source": "cv" }, "geometry": { "type": "Point", "coordinates": [ -116.606936915122319, 48.140709805274412 ] } },
{ "type": "Feature", "properties": { "reach_m": 69.990582513828244, "source": "cv" }, "geometry": { "type": "Point", "coordinates": [ -116.607819008439009, 48.140717043203303 ] } },
{ "type": "Feature", "properties": { "reach_m": 48.115106531758819, "source": "cv" }, "geometry": { "type": "Point", "coordinates": [ -116.607199549144383, 48.140698028982527 ] } },
{ "type": "Feature", "properties": { "reach_m": 69.772229880519092, "source": "cv" }, "geometry": { "type": "Point", "coordinates": [ -116.607714186604582, 48.140691337185224 ] } },
{ "type": "Feature", "properties": { "reach_m": 44.538102542935079, "source": "cv" }, "geometry": { "type": "Point", "coordinates": [ -116.607126006472313, 48.140702002341911 ] } },
{ "type": "Feature", "properties": { "reach_m": 28.609114724375868, "source": "cv" }, "geometry": { "type": "Point", "coordinates": [ -116.606706043626772, 48.140687891918077 ] } },
{ "type": "Feature", "properties": { "reach_m": 35.775791068297849, "source": "cv" }, "geometry": { "type": "Point", "coordinates": [ -116.606800718332209, 48.140667092252805 ] } },
{ "type": "Feature", "properties": { "reach_m": 44.865793798003843, "source": "cv" }, "geometry": { "type": "Point", "coordinates": [ -116.607000278782024, 48.140663550058832 ] } },
{ "type": "Feature", "properties": { "reach_m": 34.035970173112446, "source": "cv" }, "geometry": { "type": "Point", "coordinates": [ -116.606653923471981, 48.140637016952326 ] } },
{ "type": "Feature", "properties": { "reach_m": 40.088098783335937, "source": "cv" }, "geometry": { "type": "Point", "coordinates": [ -116.606842853302879, 48.140650337519624 ] } },
{ "type": "Feature", "properties": { "reach_m": 59.891870339909239, "source": "cv" }, "geometry": { "type": "Point", "coordinates": [ -116.607263009226173, 48.140639099799778 ] } },
{ "type": "Feature", "properties": { "reach_m": 31.220689379200135, "source": "cv" }, "geometry": { "type": "Point", "coordinates": [ -116.606601383804474, 48.140641061852271 ] } },
{ "type": "Feature", "properties": { "reach_m": 56.773819684450508, "source": "cv" }, "geometry": { "type": "Point", "coordinates": [ -116.607053269817669, 48.140600360477151 ] } },
{ "type": "Feature", "properties": { "reach_m": 60.676524496711245, "source": "cv" }, "geometry": { "type": "Point", "coordinates": [ -116.607189692252206, 48.140613500949868 ] } },
{ "type": "Feature", "properties": { "reach_m": 54.064532114987365, "source": "cv" }, "geometry": { "type": "Point", "coordinates": [ -116.606990260992347, 48.140600145045006 ] } },
{ "type": "Feature", "properties": { "reach_m": 37.345057508490996, "source": "cv" }, "geometry": { "type": "Point", "coordinates": [ -116.606612175778636, 48.140603076333633 ] } },
{ "type": "Feature", "properties": { "reach_m": 61.25717432472706, "source": "cv" }, "geometry": { "type": "Point", "coordinates": [ -116.607053495504829, 48.140570788227208 ] } },
{ "type": "Feature", "properties": { "reach_m": 52.669230595884919, "source": "cv" }, "geometry": { "type": "Point", "coordinates": [ -116.606759648085728, 48.140544434940672 ] } },
{ "type": "Feature", "properties": { "reach_m": 68.909615847499822, "source": "cv" }, "geometry": { "type": "Point", "coordinates": [ -116.607158671316853, 48.140550024167652 ] } },
{ "type": "Feature", "properties": { "reach_m": 52.436950607968235, "source": "cv" }, "geometry": { "type": "Point", "coordinates": [ -116.606696768411979, 48.140527320919787 ] } },
{ "type": "Feature", "properties": { "reach_m": 28.747452332772028, "source": "cv" }, "geometry": { "type": "Point", "coordinates": [ -116.613900803444352, 48.140547521969516 ] } },
{ "type": "Feature", "properties": { "reach_m": 58.723813978019166, "source": "cv" }, "geometry": { "type": "Point", "coordinates": [ -116.606707560291454, 48.140489335391194 ] } },
{ "type": "Feature", "properties": { "reach_m": 64.848456154522296, "source": "cv" }, "geometry": { "type": "Point", "coordinates": [ -116.606823140738882, 48.140481281393008 ] } },
{ "type": "Feature", "properties": { "reach_m": 47.167058900386188, "source": "cv" }, "geometry": { "type": "Point", "coordinates": [ -116.606403050606104, 48.140484068294725 ] } },
{ "type": "Feature", "properties": { "reach_m": 53.815594060295389, "source": "cv" }, "geometry": { "type": "Point", "coordinates": [ -116.606476754460758, 48.140458972362431 ] } },
{ "type": "Feature", "properties": { "reach_m": 63.401698641479634, "source": "cv" }, "geometry": { "type": "Point", "coordinates": [ -116.60644573449747, 48.140395495388766 ] } },
{ "type": "Feature", "properties": { "reach_m": 66.750029260293203, "source": "cv" }, "geometry": { "type": "Point", "coordinates": [ -116.606655569428938, 48.140421561996732 ] } },
{ "type": "Feature", "properties": { "reach_m": 69.772229880519092, "source": "cv" }, "geometry": { "type": "Point", "coordinates": [ -116.606729079467314, 48.140421813544251 ] } },
{ "type": "Feature", "properties": { "reach_m": 69.990582513828244, "source": "cv" }, "geometry": { "type": "Point", "coordinates": [ -116.606823398817014, 48.140447484536168 ] } },
{ "type": "Feature", "properties": { "reach_m": 63.276427285364335, "source": "cv" }, "geometry": { "type": "Point", "coordinates": [ -116.606414262505595, 48.140391162903875 ] } },
{ "type": "Feature", "properties": { "reach_m": 57.4205463281655, "source": "cv" }, "geometry": { "type": "Point", "coordinates": [ -116.606319588154051, 48.140411962252784 ] } },
{ "type": "Feature", "properties": { "reach_m": 69.898957487308067, "source": "cv" }, "geometry": { "type": "Point", "coordinates": [ -116.606519438204458, 48.140370399428313 ] } },
{ "type": "Feature", "properties": { "reach_m": 69.968777914241869, "source": "cv" }, "geometry": { "type": "Point", "coordinates": [ -116.606383081181136, 48.140348808947792 ] } },
{ "type": "Feature", "properties": { "reach_m": 68.00914747756363, "source": "cv" }, "geometry": { "type": "Point", "coordinates": [ -116.606152082287153, 48.140343792910159 ] } },
{ "type": "Feature", "properties": { "reach_m": 9.8821176880261863, "source": "cv" }, "geometry": { "type": "Point", "coordinates": [ -116.614650644519315, 48.139983926307742 ] } },
{ "type": "Feature", "properties": { "reach_m": 47.192932220434237, "source": "cv" }, "geometry": { "type": "Point", "coordinates": [ -116.615554867361254, 48.138432258157174 ] } },
{ "type": "Feature", "properties": { "reach_m": 22.00019975051363, "source": "cv" }, "geometry": { "type": "Point", "coordinates": [ -116.615965038060679, 48.138349135020555 ] } },
{ "type": "Feature", "properties": { "reach_m": 24.705294220065461, "source": "cv" }, "geometry": { "type": "Point", "coordinates": [ -116.615965416148555, 48.138298439661391 ] } },
{ "type": "Feature", "properties": { "reach_m": 53.365722993556453, "source": "cv" }, "geometry": { "type": "Point", "coordinates": [ -116.615577036392381, 48.138276017721488 ] } },
{ "type": "Feature", "properties": { "reach_m": 42.504595339798264, "source": "cv" }, "geometry": { "type": "Point", "coordinates": [ -116.615755774194469, 48.138247042371823 ] } },
{ "type": "Feature", "properties": { "reach_m": 24.231347530110661, "source": "cv" }, "geometry": { "type": "Point", "coordinates": [ -116.616028926257258, 48.13823105635246 ] } },
{ "type": "Feature", "properties": { "reach_m": 32.858970070020455, "source": "cv" }, "geometry": { "type": "Point", "coordinates": [ -116.615977019881342, 48.138150613280835 ] } },
{ "type": "Feature", "properties": { "reach_m": 51.881117862137472, "source": "cv" }, "geometry": { "type": "Point", "coordinates": [ -116.615746345048095, 48.138103370414221 ] } },
{ "type": "Feature", "properties": { "reach_m": 67.950787856451669, "source": "cv" }, "geometry": { "type": "Point", "coordinates": [ -116.615557674491242, 48.138056267589363 ] } },
{ "type": "Feature", "properties": { "reach_m": 61.520647258156345, "source": "cv" }, "geometry": { "type": "Point", "coordinates": [ -116.61565221468905, 48.13805235905398 ] } },
{ "type": "Feature", "properties": { "reach_m": 28.662400512256468, "source": "cv" }, "geometry": { "type": "Point", "coordinates": [ -116.616124820987963, 48.13804548905059 ] } },
{ "type": "Feature", "properties": { "reach_m": 55.600635464556511, "source": "cv" }, "geometry": { "type": "Point", "coordinates": [ -116.615746817922812, 48.138040001214065 ] } },
{ "type": "Feature", "properties": { "reach_m": 26.075498856685371, "source": "cv" }, "geometry": { "type": "Point", "coordinates": [ -116.616188141642681, 48.138003453330946 ] } },
{ "type": "Feature", "properties": { "reach_m": 62.753392587572506, "source": "cv" }, "geometry": { "type": "Point", "coordinates": [ -116.615684158996132, 48.137993319809127 ] } },
{ "type": "Feature", "properties": { "reach_m": 41.692700200394796, "source": "cv" }, "geometry": { "type": "Point", "coordinates": [ -116.615988844080121, 48.137973214600457 ] } },
{ "type": "Feature", "properties": { "reach_m": 39.093737509990014, "source": "cv" }, "geometry": { "type": "Point", "coordinates": [ -116.616041600817098, 48.137939593103098 ] } },
{ "type": "Feature", "properties": { "reach_m": 26.203921611325658, "source": "cv" }, "geometry": { "type": "Point", "coordinates": [ -116.616220242735395, 48.137923290866517 ] } },
{ "type": "Feature", "properties": { "reach_m": 28.948448927576415, "source": "cv" }, "geometry": { "type": "Point", "coordinates": [ -116.616188897368943, 48.137902062603359 ] } },
{ "type": "Feature", "properties": { "reach_m": 59.886774677302498, "source": "cv" }, "geometry": { "type": "Point", "coordinates": [ -116.615768828580912, 48.137904883796047 ] } },
{ "type": "Feature", "properties": { "reach_m": 11.744762795603835, "source": "cv" }, "geometry": { "type": "Point", "coordinates": [ -116.616419886408821, 48.137907058444299 ] } },
{ "type": "Feature", "properties": { "reach_m": 47.886227877256111, "source": "cv" }, "geometry": { "type": "Point", "coordinates": [ -116.615937001042724, 48.137884322280826 ] } },
{ "type": "Feature", "properties": { "reach_m": 24.21875, "source": "cv" }, "geometry": { "type": "Point", "coordinates": [ -116.616262750200406, 48.137855837293031 ] } },
{ "type": "Feature", "properties": { "reach_m": 36.71875, "source": "cv" }, "geometry": { "type": "Point", "coordinates": [ -116.616094892920728, 48.137834153148866 ] } },
{ "type": "Feature", "properties": { "reach_m": 64.0625, "source": "cv" }, "geometry": { "type": "Point", "coordinates": [ -116.615727455379655, 48.137820251099782 ] } },
{ "type": "Feature", "properties": { "reach_m": 25.0, "source": "cv" }, "geometry": { "type": "Point", "coordinates": [ -116.616252690042643, 48.137796657640145 ] } },
{ "type": "Feature", "properties": { "reach_m": 64.0625, "source": "cv" }, "geometry": { "type": "Point", "coordinates": [ -116.615727581484705, 48.137803352645669 ] } },
{ "type": "Feature", "properties": { "reach_m": 38.28125, "source": "cv" }, "geometry": { "type": "Point", "coordinates": [ -116.616074143067351, 48.137800286087632 ] } },
{ "type": "Feature", "properties": { "reach_m": 39.0625, "source": "cv" }, "geometry": { "type": "Point", "coordinates": [ -116.616063988641173, 48.137753780259501 ] } },
{ "type": "Feature", "properties": { "reach_m": 60.9375, "source": "cv" }, "geometry": { "type": "Point", "coordinates": [ -116.615770341675244, 48.137702102345543 ] } },
{ "type": "Feature", "properties": { "reach_m": 10.15625, "source": "cv" }, "geometry": { "type": "Point", "coordinates": [ -116.616452962548735, 48.137695932881101 ] } },
{ "type": "Feature", "properties": { "reach_m": 69.10861723810207, "source": "cv" }, "geometry": { "type": "Point", "coordinates": [ -116.615655084134957, 48.137667919229735 ] } },
{ "type": "Feature", "properties": { "reach_m": 9.375, "source": "cv" }, "geometry": { "type": "Point", "coordinates": [ -116.616453528946636, 48.137619889829125 ] } },
{ "type": "Feature", "properties": { "reach_m": 50.931268790645689, "source": "cv" }, "geometry": { "type": "Point", "coordinates": [ -116.615886733839886, 48.137584199252196 ] } },
{ "type": "Feature", "properties": { "reach_m": 67.205666148770533, "source": "cv" }, "geometry": { "type": "Point", "coordinates": [ -116.615666310233834, 48.137570788230569 ] } },
{ "type": "Feature", "properties": { "reach_m": 57.8125, "source": "cv" }, "geometry": { "type": "Point", "coordinates": [ -116.615792415163227, 48.137558535687035 ] } },
{ "type": "Feature", "properties": { "reach_m": 61.71875, "source": "cv" }, "geometry": { "type": "Point", "coordinates": [ -116.61573997390596, 48.137549910935753 ] } },
{ "type": "Feature", "properties": { "reach_m": 67.973239794238154, "source": "cv" }, "geometry": { "type": "Point", "coordinates": [ -116.615645844561698, 48.137498899568129 ] } },
{ "type": "Feature", "properties": { "reach_m": 50.997137251148715, "source": "cv" }, "geometry": { "type": "Point", "coordinates": [ -116.615876705679341, 48.137520794951101 ] } },
{ "type": "Feature", "properties": { "reach_m": 43.75, "source": "cv" }, "geometry": { "type": "Point", "coordinates": [ -116.615971496918434, 48.13748308923919 ] } },
{ "type": "Feature", "properties": { "reach_m": 57.164869156020991, "source": "cv" }, "geometry": { "type": "Point", "coordinates": [ -116.615792730369421, 48.137516289549424 ] } },
{ "type": "Feature", "properties": { "reach_m": 47.65625, "source": "cv" }, "geometry": { "type": "Point", "coordinates": [ -116.615918992687057, 48.137482913797363 ] } },
{ "type": "Feature", "properties": { "reach_m": 63.300537184233278, "source": "cv" }, "geometry": { "type": "Point", "coordinates": [ -116.61569869561859, 48.137452604383419 ] } },
{ "type": "Feature", "properties": { "reach_m": 37.5, "source": "cv" }, "geometry": { "type": "Point", "coordinates": [ -116.616055629685519, 48.137466471440476 ] } },
{ "type": "Feature", "properties": { "reach_m": 25.0, "source": "cv" }, "geometry": { "type": "Point", "coordinates": [ -116.61622364317671, 48.137467032570022 ] } },
{ "type": "Feature", "properties": { "reach_m": 43.315363361340978, "source": "cv" }, "geometry": { "type": "Point", "coordinates": [ -116.615971717459388, 48.137453516941882 ] } },
{ "type": "Feature", "properties": { "reach_m": 36.241917202322504, "source": "cv" }, "geometry": { "type": "Point", "coordinates": [ -116.616066256520909, 48.137449608062447 ] } },
{ "type": "Feature", "properties": { "reach_m": 15.027643798180737, "source": "cv" }, "geometry": { "type": "Point", "coordinates": [ -116.616349873622127, 48.137437880957322 ] } },
{ "type": "Feature", "properties": { "reach_m": 57.457737525615293, "source": "cv" }, "geometry": { "type": "Point", "coordinates": [ -116.615761984364809, 48.137414793507006 ] } },
{ "type": "Feature", "properties": { "reach_m": 36.241917202322504, "source": "cv" }, "geometry": { "type": "Point", "coordinates": [ -116.61604560133901, 48.137403067152306 ] } },
{ "type": "Feature", "properties": { "reach_m": 51.63938396768981, "source": "cv" }, "geometry": { "type": "Point", "coordinates": [ -116.615835584741134, 48.137402365377369 ] } },
{ "type": "Feature", "properties": { "reach_m": 28.048942298462876, "source": "cv" }, "geometry": { "type": "Point", "coordinates": [ -116.616150735605288, 48.137386519439694 ] } },
{ "type": "Feature", "properties": { "reach_m": 48.172156279587483, "source": "cv" }, "geometry": { "type": "Point", "coordinates": [ -116.615867339344902, 48.137368673756797 ] } },
{ "type": "Feature", "properties": { "reach_m": 16.105881350068987, "source": "cv" }, "geometry": { "type": "Point", "coordinates": [ -116.616297999014989, 48.137353213406151 ] } },
{ "type": "Feature", "properties": { "reach_m": 9.375, "source": "cv" }, "geometry": { "type": "Point", "coordinates": [ -116.616382162937754, 48.137332370753015 ] } },
{ "type": "Feature", "properties": { "reach_m": 15.799803450122409, "source": "cv" }, "geometry": { "type": "Point", "coordinates": [ -116.616287750033038, 48.13731938143637 ] } },
{ "type": "Feature", "properties": { "reach_m": 20.684691085740198, "source": "cv" }, "geometry": { "type": "Point", "coordinates": [ -116.616224682183571, 48.13732762030547 ] } },
{ "type": "Feature", "properties": { "reach_m": 42.288651883513616, "source": "cv" }, "geometry": { "type": "Point", "coordinates": [ -116.615920316108529, 48.137305480012344 ] } },
{ "type": "Feature", "properties": { "reach_m": 27.287889369645278, "source": "cv" }, "geometry": { "type": "Point", "coordinates": [ -116.616119925983455, 48.137293472717261 ] } },
{ "type": "Feature", "properties": { "reach_m": 18.388441087405969, "source": "cv" }, "geometry": { "type": "Point", "coordinates": [ -116.616225185941616, 48.137260026478991 ] } },
{ "type": "Feature", "properties": { "reach_m": 9.375, "source": "cv" }, "geometry": { "type": "Point", "coordinates": [ -116.616330540191939, 48.137213906300985 ] } },
{ "type": "Feature", "properties": { "reach_m": 52.273740494750321, "source": "cv" }, "geometry": { "type": "Point", "coordinates": [ -116.615732152713861, 48.137190783650588 ] } },
{ "type": "Feature", "properties": { "reach_m": 55.474251487739792, "source": "cv" }, "geometry": { "type": "Point", "coordinates": [ -116.615679964076648, 48.137148361960449 ] } },
{ "type": "Feature", "properties": { "reach_m": 64.105359138784181, "source": "cv" }, "geometry": { "type": "Point", "coordinates": [ -116.615564392445279, 48.137156424893661 ] } },
{ "type": "Feature", "properties": { "reach_m": 22.65625, "source": "cv" }, "geometry": { "type": "Point", "coordinates": [ -116.616121028251271, 48.137145611221754 ] } },
{ "type": "Feature", "properties": { "reach_m": 12.035161590954798, "source": "cv" }, "geometry": { "type": "Point", "coordinates": [ -116.603172138784473, 48.138449318628489 ] } },
{ "type": "Feature", "properties": { "reach_m": 11.040784440490144, "source": "cv" }, "geometry": { "type": "Point", "coordinates": [ -116.603040391084804, 48.138406616488844 ] } },
{ "type": "Feature", "properties": { "reach_m": 10.052395997473795, "source": "cv" }, "geometry": { "type": "Point", "coordinates": [ -116.602981444770222, 48.138397963449528 ] } },
{ "type": "Feature", "properties": { "reach_m": 14.611942607224627, "source": "cv" }, "geometry": { "type": "Point", "coordinates": [ -116.60316135430746, 48.13839013532516 ] } },
{ "type": "Feature", "properties": { "reach_m": 13.157642884230579, "source": "cv" }, "geometry": { "type": "Point", "coordinates": [ -116.603029541630718, 48.138355882386612 ] } },
{ "type": "Feature", "properties": { "reach_m": 10.577807429222688, "source": "cv" }, "geometry": { "type": "Point", "coordinates": [ -116.602891946101053, 48.138342732912946 ] } },
{ "type": "Feature", "properties": { "reach_m": 14.521929783855301, "source": "cv" }, "geometry": { "type": "Point", "coordinates": [ -116.602800224133105, 48.138211449675097 ] } },
{ "type": "Feature", "properties": { "reach_m": 25.358659434397591, "source": "cv" }, "geometry": { "type": "Point", "coordinates": [ -116.603216308170403, 48.138187538526715 ] } },
{ "type": "Feature", "properties": { "reach_m": 19.041889708948126, "source": "cv" }, "geometry": { "type": "Point", "coordinates": [ -116.602966115325785, 48.138199348691145 ] } },
{ "type": "Feature", "properties": { "reach_m": 14.280652157964505, "source": "cv" }, "geometry": { "type": "Point", "coordinates": [ -116.602632272628412, 48.138126374750946 ] } },
{ "type": "Feature", "properties": { "reach_m": 28.692607310501312, "source": "cv" }, "geometry": { "type": "Point", "coordinates": [ -116.603188858700889, 48.138102949374478 ] } },
{ "type": "Feature", "properties": { "reach_m": 24.858199112018056, "source": "cv" }, "geometry": { "type": "Point", "coordinates": [ -116.603011857933993, 48.138098113430317 ] } },
{ "type": "Feature", "properties": { "reach_m": 32.59293619121982, "source": "cv" }, "geometry": { "type": "Point", "coordinates": [ -116.603220290126799, 48.138035462375271 ] } },
{ "type": "Feature", "properties": { "reach_m": 26.777115449587928, "source": "cv" }, "geometry": { "type": "Point", "coordinates": [ -116.603009373581045, 48.13805585765509 ] } },
{ "type": "Feature", "properties": { "reach_m": 33.055648216320897, "source": "cv" }, "geometry": { "type": "Point", "coordinates": [ -116.603276360921782, 48.138052554806343 ] } },
{ "type": "Feature", "properties": { "reach_m": 33.055648216320897, "source": "cv" }, "geometry": { "type": "Point", "coordinates": [ -116.603197972504304, 48.138014261731172 ] } },
{ "type": "Feature", "properties": { "reach_m": 18.114977780323883, "source": "cv" }, "geometry": { "type": "Point", "coordinates": [ -116.602635702094915, 48.138046116938249 ] } },
{ "type": "Feature", "properties": { "reach_m": 19.967362738477579, "source": "cv" }, "geometry": { "type": "Point", "coordinates": [ -116.602703175883676, 48.138042125474485 ] } },
{ "type": "Feature", "properties": { "reach_m": 45.352542096687166, "source": "cv" }, "geometry": { "type": "Point", "coordinates": [ -116.603614314933679, 48.137956552278609 ] } },
{ "type": "Feature", "properties": { "reach_m": 17.522611734536767, "source": "cv" }, "geometry": { "type": "Point", "coordinates": [ -116.602532056347002, 48.138003511364687 ] } },
{ "type": "Feature", "properties": { "reach_m": 22.67530731043761, "source": "cv" }, "geometry": { "type": "Point", "coordinates": [ -116.602739999855729, 48.138004230282291 ] } },
{ "type": "Feature", "properties": { "reach_m": 17.387396648205865, "source": "cv" }, "geometry": { "type": "Point", "coordinates": [ -116.602375313512766, 48.137922699541811 ] } },
{ "type": "Feature", "properties": { "reach_m": 38.015432623698139, "source": "cv" }, "geometry": { "type": "Point", "coordinates": [ -116.603310764974253, 48.13796395444507 ] } },
{ "type": "Feature", "properties": { "reach_m": 35.634540722518466, "source": "cv" }, "geometry": { "type": "Point", "coordinates": [ -116.603206793292983, 48.137963595549842 ] } },
{ "type": "Feature", "properties": { "reach_m": 41.518736333277637, "source": "cv" }, "geometry": { "type": "Point", "coordinates": [ -116.603342131069695, 48.137904916624677 ] } },
{ "type": "Feature", "properties": { "reach_m": 26.709291040427797, "source": "cv" }, "geometry": { "type": "Point", "coordinates": [ -116.602768654353838, 48.13793250908742 ] } },
{ "type": "Feature", "properties": { "reach_m": 44.626349358506936, "source": "cv" }, "geometry": { "type": "Point", "coordinates": [ -116.603451820319179, 48.137892620965744 ] } },
{ "type": "Feature", "properties": { "reach_m": 47.666657348664693, "source": "cv" }, "geometry": { "type": "Point", "coordinates": [ -116.603723874185079, 48.137961154789679 ] } },
{ "type": "Feature", "properties": { "reach_m": 35.237383016645218, "source": "cv" }, "geometry": { "type": "Point", "coordinates": [ -116.603189933020545, 48.137963537341754 ] } },
{ "type": "Feature", "properties": { "reach_m": 47.270732727104729, "source": "cv" }, "geometry": { "type": "Point", "coordinates": [ -116.603707013912384, 48.137961096657435 ] } },
{ "type": "Feature", "properties": { "reach_m": 23.734784097982384, "source": "cv" }, "geometry": { "type": "Point", "coordinates": [ -116.60267301508128, 48.137944852665406 ] } },
{ "type": "Feature", "properties": { "reach_m": 22.756119013931816, "source": "cv" }, "geometry": { "type": "Point", "coordinates": [ -116.602625276931278, 48.137940462907423 ] } },
{ "type": "Feature", "properties": { "reach_m": 22.401878887889119, "source": "cv" }, "geometry": { "type": "Point", "coordinates": [ -116.602577636605204, 48.13792339930918 ] } },
{ "type": "Feature", "properties": { "reach_m": 17.159670622515815, "source": "cv" }, "geometry": { "type": "Point", "coordinates": [ -116.602341690871782, 48.137909909059196 ] } },
{ "type": "Feature", "properties": { "reach_m": 32.152119612949569, "source": "cv" }, "geometry": { "type": "Point", "coordinates": [ -116.602934674958249, 48.137903509717908 ] } },
{ "type": "Feature", "properties": { "reach_m": 29.619041337160976, "source": "cv" }, "geometry": { "type": "Point", "coordinates": [ -116.60285589603464, 48.137915911693881 ] } },
{ "type": "Feature", "properties": { "reach_m": 27.70134322203409, "source": "cv" }, "geometry": { "type": "Point", "coordinates": [ -116.602768817301467, 48.137911386052828 ] } },
{ "type": "Feature", "properties": { "reach_m": 22.742670337583242, "source": "cv" }, "geometry": { "type": "Point", "coordinates": [ -116.602552509254522, 48.137902188823674 ] } },
{ "type": "Feature", "properties": { "reach_m": 18.511163001139703, "source": "cv" }, "geometry": { "type": "Point", "coordinates": [ -116.602381096705173, 48.137901595950964 ] } },
{ "type": "Feature", "properties": { "reach_m": 31.404605528273173, "source": "cv" }, "geometry": { "type": "Point", "coordinates": [ -116.602856189275641, 48.137877890231053 ] } },
{ "type": "Feature", "properties": { "reach_m": 20.537110052157956, "source": "cv" }, "geometry": { "type": "Point", "coordinates": [ -116.602462587916492, 48.137901877840363 ] } },
{ "type": "Feature", "properties": { "reach_m": 32.065682623953144, "source": "cv" }, "geometry": { "type": "Point", "coordinates": [ -116.602906672272482, 48.137890738815592 ] } },
{ "type": "Feature", "properties": { "reach_m": 28.163722660268498, "source": "cv" }, "geometry": { "type": "Point", "coordinates": [ -116.602732514897539, 48.137881687544628 ] } },
{ "type": "Feature", "properties": { "reach_m": 34.377874144973731, "source": "cv" }, "geometry": { "type": "Point", "coordinates": [ -116.602960225926964, 48.137869800228863 ] } },
{ "type": "Feature", "properties": { "reach_m": 30.874046216935202, "source": "cv" }, "geometry": { "type": "Point", "coordinates": [ -116.602794531319219, 48.137856553566138 ] } },
{ "type": "Feature", "properties": { "reach_m": 9.3238024932605796, "source": "cv" }, "geometry": { "type": "Point", "coordinates": [ -116.601929169878602, 48.137836660830175 ] } },
{ "type": "Feature", "properties": { "reach_m": 38.194367549900171, "source": "cv" }, "geometry": { "type": "Point", "coordinates": [ -116.603075632962458, 48.137844850521788 ] } },
{ "type": "Feature", "properties": { "reach_m": 11.696282317512052, "source": "cv" }, "geometry": { "type": "Point", "coordinates": [ -116.602030233299288, 48.137849684970362 ] } },
{ "type": "Feature", "properties": { "reach_m": 39.005664895258654, "source": "cv" }, "geometry": { "type": "Point", "coordinates": [ -116.603050570576698, 48.137815190930105 ] } },
{ "type": "Feature", "properties": { "reach_m": 23.2059126131021, "source": "cv" }, "geometry": { "type": "Point", "coordinates": [ -116.60243504198526, 48.137829962328226 ] } },
{ "type": "Feature", "properties": { "reach_m": 62.526748636612687, "source": "cv" }, "geometry": { "type": "Point", "coordinates": [ -116.604070679165105, 48.137810260081523 ] } },
{ "type": "Feature", "properties": { "reach_m": 52.889037146113431, "source": "cv" }, "geometry": { "type": "Point", "coordinates": [ -116.603691129055647, 48.137834300300483 ] } },
{ "type": "Feature", "properties": { "reach_m": 22.01516097805678, "source": "cv" }, "geometry": { "type": "Point", "coordinates": [ -116.602348093932051, 48.137808537941616 ] } },
{ "type": "Feature", "properties": { "reach_m": 22.213789117503644, "source": "cv" }, "geometry": { "type": "Point", "coordinates": [ -116.602331331587976, 48.13779580578737 ] } },
{ "type": "Feature", "properties": { "reach_m": 20.166654709302467, "source": "cv" }, "geometry": { "type": "Point", "coordinates": [ -116.602280620423258, 48.137812529197895 ] } },
{ "type": "Feature", "properties": { "reach_m": 36.415263925389944, "source": "cv" }, "geometry": { "type": "Point", "coordinates": [ -116.602859813865649, 48.137772284764786 ] } },
{ "type": "Feature", "properties": { "reach_m": 26.672446668801769, "source": "cv" }, "geometry": { "type": "Point", "coordinates": [ -116.602488791440948, 48.137783676320176 ] } },
{ "type": "Feature", "properties": { "reach_m": 38.940058690344678, "source": "cv" }, "geometry": { "type": "Point", "coordinates": [ -116.603005772830485, 48.137793912606647 ] } },
{ "type": "Feature", "properties": { "reach_m": 32.106547996470958, "source": "cv" }, "geometry": { "type": "Point", "coordinates": [ -116.602733166745068, 48.137797195405412 ] } },
{ "type": "Feature", "properties": { "reach_m": 23.403772444324034, "source": "cv" }, "geometry": { "type": "Point", "coordinates": [ -116.602387499686742, 48.137800224830855 ] } },
{ "type": "Feature", "properties": { "reach_m": 62.436510792923514, "source": "cv" }, "geometry": { "type": "Point", "coordinates": [ -116.60392785467711, 48.137746397197972 ] } },
{ "type": "Feature", "properties": { "reach_m": 21.239122154336755, "source": "cv" }, "geometry": { "type": "Point", "coordinates": [ -116.60225281374025, 48.137774410496085 ] } },
{ "type": "Feature", "properties": { "reach_m": 30.743529975199699, "source": "cv" }, "geometry": { "type": "Point", "coordinates": [ -116.602590213546492, 48.137750229292216 ] } },
{ "type": "Feature", "properties": { "reach_m": 25.05696629829848, "source": "cv" }, "geometry": { "type": "Point", "coordinates": [ -116.602415763140698, 48.137779199004719 ] } },
{ "type": "Feature", "properties": { "reach_m": 50.784493014344598, "source": "cv" }, "geometry": { "type": "Point", "coordinates": [ -116.603332452974598, 48.137702096682702 ] } },
{ "type": "Feature", "properties": { "reach_m": 40.394489025484781, "source": "cv" }, "geometry": { "type": "Point", "coordinates": [ -116.603034003461858, 48.137777111234911 ] } },
{ "type": "Feature", "properties": { "reach_m": 38.278383543527468, "source": "cv" }, "geometry": { "type": "Point", "coordinates": [ -116.602918889751962, 48.137764039436959 ] } },
{ "type": "Feature", "properties": { "reach_m": 29.779451697392627, "source": "cv" }, "geometry": { "type": "Point", "coordinates": [ -116.60255927057095, 48.13775434701698 ] } },
{ "type": "Feature", "properties": { "reach_m": 28.626267696221056, "source": "cv" }, "geometry": { "type": "Point", "coordinates": [ -116.60251989748852, 48.137758435579968 ] } },
{ "type": "Feature", "properties": { "reach_m": 26.04818638263631, "source": "cv" }, "geometry": { "type": "Point", "coordinates": [ -116.602399131267973, 48.137749568432824 ] } },
{ "type": "Feature", "properties": { "reach_m": 22.364778343895352, "source": "cv" }, "geometry": { "type": "Point", "coordinates": [ -116.602258596965783, 48.137753306910945 ] } },
{ "type": "Feature", "properties": { "reach_m": 16.646399097543405, "source": "cv" }, "geometry": { "type": "Point", "coordinates": [ -116.602042257030917, 48.13774833333008 ] } },
{ "type": "Feature", "properties": { "reach_m": 30.014819818197733, "source": "cv" }, "geometry": { "type": "Point", "coordinates": [ -116.602520125756598, 48.137728863331503 ] } },
{ "type": "Feature", "properties": { "reach_m": 26.907378865771523, "source": "cv" }, "geometry": { "type": "Point", "coordinates": [ -116.602371291908881, 48.137715674366 ] } },
{ "type": "Feature", "properties": { "reach_m": 39.011267145182742, "source": "cv" }, "geometry": { "type": "Point", "coordinates": [ -116.602854649948014, 48.137713120846136 ] } },
{ "type": "Feature", "properties": { "reach_m": 19.084305698365512, "source": "cv" }, "geometry": { "type": "Point", "coordinates": [ -116.602073428567834, 48.137714643497695 ] } },
{ "type": "Feature", "properties": { "reach_m": 32.990133108557089, "source": "cv" }, "geometry": { "type": "Point", "coordinates": [ -116.602481437560655, 48.137644235135319 ] } },
{ "type": "Feature", "properties": { "reach_m": 24.991469193247969, "source": "cv" }, "geometry": { "type": "Point", "coordinates": [ -116.60225343374087, 48.137694142967007 ] } },
{ "type": "Feature", "properties": { "reach_m": 29.222389583279899, "source": "cv" }, "geometry": { "type": "Point", "coordinates": [ -116.602408050651889, 48.137686228491823 ] } },
{ "type": "Feature", "properties": { "reach_m": 26.841512021087862, "source": "cv" }, "geometry": { "type": "Point", "coordinates": [ -116.602304112170117, 48.137681644174684 ] } },
{ "type": "Feature", "properties": { "reach_m": 23.9656869093746, "source": "cv" }, "geometry": { "type": "Point", "coordinates": [ -116.602188900952925, 48.137681245467007 ] } },
{ "type": "Feature", "properties": { "reach_m": 40.571549775212006, "source": "cv" }, "geometry": { "type": "Point", "coordinates": [ -116.602821320588134, 48.137662309039179 ] } },
{ "type": "Feature", "properties": { "reach_m": 43.17022097724746, "source": "cv" }, "geometry": { "type": "Point", "coordinates": [ -116.602942086679604, 48.137671175742483 ] } },
{ "type": "Feature", "properties": { "reach_m": 21.333573472851722, "source": "cv" }, "geometry": { "type": "Point", "coordinates": [ -116.602065422884181, 48.137659694423427 ] } },
{ "type": "Feature", "properties": { "reach_m": 69.954686702854943, "source": "cv" }, "geometry": { "type": "Point", "coordinates": [ -116.604060673383671, 48.137649686267586 ] } },
{ "type": "Feature", "properties": { "reach_m": 24.962596024387786, "source": "cv" }, "geometry": { "type": "Point", "coordinates": [ -116.602163904435841, 48.137643136469158 ] } },
{ "type": "Feature", "properties": { "reach_m": 23.94653004716567, "source": "cv" }, "geometry": { "type": "Point", "coordinates": [ -116.602135771519073, 48.137647263806613 ] } },
{ "type": "Feature", "properties": { "reach_m": 17.109930493780226, "source": "cv" }, "geometry": { "type": "Point", "coordinates": [ -116.601860617449248, 48.137616737956641 ] } },
{ "type": "Feature", "properties": { "reach_m": 29.421383912805972, "source": "cv" }, "geometry": { "type": "Point", "coordinates": [ -116.602321331233838, 48.137635231836725 ] } },
{ "type": "Feature", "properties": { "reach_m": 69.975614059830249, "source": "cv" }, "geometry": { "type": "Point", "coordinates": [ -116.60404106815335, 48.13764116928882 ] } },
{ "type": "Feature", "properties": { "reach_m": 35.371088214194472, "source": "cv" }, "geometry": { "type": "Point", "coordinates": [ -116.60249862384066, 48.137602047377044 ] } },
{ "type": "Feature", "properties": { "reach_m": 27.892386521214444, "source": "cv" }, "geometry": { "type": "Point", "coordinates": [ -116.602211935983746, 48.137609504956444 ] } },
{ "type": "Feature", "properties": { "reach_m": 69.946251520330023, "source": "cv" }, "geometry": { "type": "Point", "coordinates": [ -116.604013065333774, 48.13762839865511 ] } },
{ "type": "Feature", "properties": { "reach_m": 41.697312367425361, "source": "cv" }, "geometry": { "type": "Point", "coordinates": [ -116.602779528627366, 48.137615692695164 ] } },
{ "type": "Feature", "properties": { "reach_m": 23.565686680925491, "source": "cv" }, "geometry": { "type": "Point", "coordinates": [ -116.602043432387418, 48.137596247487743 ] } },
{ "type": "Feature", "properties": { "reach_m": 29.194706586230044, "source": "cv" }, "geometry": { "type": "Point", "coordinates": [ -116.602240134138896, 48.137596928386479 ] } },
{ "type": "Feature", "properties": { "reach_m": 45.194699624341418, "source": "cv" }, "geometry": { "type": "Point", "coordinates": [ -116.602897647468296, 48.137603426697446 ] } },
{ "type": "Feature", "properties": { "reach_m": 36.02671392331996, "source": "cv" }, "geometry": { "type": "Point", "coordinates": [ -116.602493134236852, 48.137585129512026 ] } },
{ "type": "Feature", "properties": { "reach_m": 31.270713097652848, "source": "cv" }, "geometry": { "type": "Point", "coordinates": [ -116.602285257684343, 48.137575960938634 ] } },
{ "type": "Feature", "properties": { "reach_m": 47.029719479007589, "source": "cv" }, "geometry": { "type": "Point", "coordinates": [ -116.602900750698836, 48.137565414940944 ] } },
{ "type": "Feature", "properties": { "reach_m": 20.38223170303587, "source": "cv" }, "geometry": { "type": "Point", "coordinates": [ -116.601880744899617, 48.137557661599033 ] } },
{ "type": "Feature", "properties": { "reach_m": 38.942303462277735, "source": "cv" }, "geometry": { "type": "Point", "coordinates": [ -116.602588772882953, 48.137572786081201 ] } },
{ "type": "Feature", "properties": { "reach_m": 29.884938622329262, "source": "cv" }, "geometry": { "type": "Point", "coordinates": [ -116.602229057205747, 48.137575766452599 ] } },
{ "type": "Feature", "properties": { "reach_m": 38.080336297622402, "source": "cv" }, "geometry": { "type": "Point", "coordinates": [ -116.602457093138625, 48.137521634059823 ] } },
{ "type": "Feature", "properties": { "reach_m": 35.289439678396718, "source": "cv" }, "geometry": { "type": "Point", "coordinates": [ -116.602383869488875, 48.137542504367126 ] } },
{ "type": "Feature", "properties": { "reach_m": 34.642571662977808, "source": "cv" }, "geometry": { "type": "Point", "coordinates": [ -116.602341784404999, 48.137533909327459 ] } },
{ "type": "Feature", "properties": { "reach_m": 41.157136132908427, "source": "cv" }, "geometry": { "type": "Point", "coordinates": [ -116.602614323912178, 48.137539076667281 ] } },
{ "type": "Feature", "properties": { "reach_m": 48.265774354406361, "source": "cv" }, "geometry": { "type": "Point", "coordinates": [ -116.602895358702725, 48.137535823272856 ] } },
{ "type": "Feature", "properties": { "reach_m": 50.909991013461685, "source": "cv" }, "geometry": { "type": "Point", "coordinates": [ -116.602691498323153, 48.137370354673486 ] } },
{ "type": "Feature", "properties": { "reach_m": 8.6020933804486504, "source": "cv" }, "geometry": { "type": "Point", "coordinates": [ -116.601479140517569, 48.137526696760204 ] } },
{ "type": "Feature", "properties": { "reach_m": 50.508770874539657, "source": "cv" }, "geometry": { "type": "Point", "coordinates": [ -116.602929306997694, 48.137506367521119 ] } },
{ "type": "Feature", "properties": { "reach_m": 18.512343522361601, "source": "cv" }, "geometry": { "type": "Point", "coordinates": [ -116.601782622792243, 48.137527748637559 ] } },
{ "type": "Feature", "properties": { "reach_m": 18.886320815371594, "source": "cv" }, "geometry": { "type": "Point", "coordinates": [ -116.601749163920331, 48.137493834948266 ] } },
{ "type": "Feature", "properties": { "reach_m": 39.445791305253977, "source": "cv" }, "geometry": { "type": "Point", "coordinates": [ -116.602504896107206, 48.137517574672692 ] } },
{ "type": "Feature", "properties": { "reach_m": 37.552147507216354, "source": "cv" }, "geometry": { "type": "Point", "coordinates": [ -116.602403833215163, 48.137504550950588 ] } },
{ "type": "Feature", "properties": { "reach_m": 67.566262457433908, "source": "cv" }, "geometry": { "type": "Point", "coordinates": [ -116.603640339750612, 48.137496147587434 ] } },
{ "type": "Feature", "properties": { "reach_m": 47.203650838247285, "source": "cv" }, "geometry": { "type": "Point", "coordinates": [ -116.602772043625833, 48.137493149951688 ] } },
{ "type": "Feature", "properties": { "reach_m": 16.923717127267988, "source": "cv" }, "geometry": { "type": "Point", "coordinates": [ -116.601681756136244, 48.137489376640801 ] } },
{ "type": "Feature", "properties": { "reach_m": 45.832344657752209, "source": "cv" }, "geometry": { "type": "Point", "coordinates": [ -116.602676665943491, 48.137471696678169 ] } },
{ "type": "Feature", "properties": { "reach_m": 41.122076678375493, "source": "cv" }, "geometry": { "type": "Point", "coordinates": [ -116.602421215216381, 48.137437015560387 ] } },
{ "type": "Feature", "properties": { "reach_m": 51.368519870806857, "source": "cv" }, "geometry": { "type": "Point", "coordinates": [ -116.602789522902285, 48.137412940682424 ] } },
{ "type": "Feature", "properties": { "reach_m": 53.978567894205291, "source": "cv" }, "geometry": { "type": "Point", "coordinates": [ -116.60293548081944, 48.137434568611972 ] } },
{ "type": "Feature", "properties": { "reach_m": 40.659791009408217, "source": "cv" }, "geometry": { "type": "Point", "coordinates": [ -116.602362367983631, 48.137415688384195 ] } },
{ "type": "Feature", "properties": { "reach_m": 44.496880787143496, "source": "cv" }, "geometry": { "type": "Point", "coordinates": [ -116.60251133140271, 48.137411978930899 ] } },
{ "type": "Feature", "properties": { "reach_m": 43.364676728427185, "source": "cv" }, "geometry": { "type": "Point", "coordinates": [ -116.602471958578548, 48.137416067478433 ] } },
{ "type": "Feature", "properties": { "reach_m": 30.748505404037488, "source": "cv" }, "geometry": { "type": "Point", "coordinates": [ -116.601988733930654, 48.13740172096918 ] } },
{ "type": "Feature", "properties": { "reach_m": 22.533189464748627, "source": "cv" }, "geometry": { "type": "Point", "coordinates": [ -116.601727435278235, 48.137396591097449 ] } },
{ "type": "Feature", "properties": { "reach_m": 51.898420416597041, "source": "cv" }, "geometry": { "type": "Point", "coordinates": [ -116.602739235950736, 48.137374744402933 ] } },
{ "type": "Feature", "properties": { "reach_m": 55.716567368041012, "source": "cv" }, "geometry": { "type": "Point", "coordinates": [ -116.602630721246356, 48.137234953522743 ] } },
{ "type": "Feature", "properties": { "reach_m": 46.079621039134118, "source": "cv" }, "geometry": { "type": "Point", "coordinates": [ -116.602447222901247, 48.137344161682805 ] } },
{ "type": "Feature", "properties": { "reach_m": 59.168686957880965, "source": "cv" }, "geometry": { "type": "Point", "coordinates": [ -116.602969917610622, 48.137341743736215 ] } },
{ "type": "Feature", "properties": { "reach_m": 54.763143851880351, "source": "cv" }, "geometry": { "type": "Point", "coordinates": [ -116.602776092004277, 48.137332624586008 ] } },
{ "type": "Feature", "properties": { "reach_m": 68.425990248734919, "source": "cv" }, "geometry": { "type": "Point", "coordinates": [ -116.6033577317381, 48.13733885801836 ] } },
{ "type": "Feature", "properties": { "reach_m": 64.194375221392804, "source": "cv" }, "geometry": { "type": "Point", "coordinates": [ -116.603155476037472, 48.137329710415393 ] } },
{ "type": "Feature", "properties": { "reach_m": 56.229591172955843, "source": "cv" }, "geometry": { "type": "Point", "coordinates": [ -116.602843499681981, 48.137337082251463 ] } },
{ "type": "Feature", "properties": { "reach_m": 55.401897541053728, "source": "cv" }, "geometry": { "type": "Point", "coordinates": [ -116.602809779548906, 48.137336965727364 ] } },
{ "type": "Feature", "properties": { "reach_m": 57.603011971990135, "source": "cv" }, "geometry": { "type": "Point", "coordinates": [ -116.602891302449692, 48.137333022702947 ] } },
{ "type": "Feature", "properties": { "reach_m": 45.948540057395071, "source": "cv" }, "geometry": { "type": "Point", "coordinates": [ -116.602394028403424, 48.137318629354667 ] } },
{ "type": "Feature", "properties": { "reach_m": 46.740733332660888, "source": "cv" }, "geometry": { "type": "Point", "coordinates": [ -116.602346584469245, 48.137276218017512 ] } },
{ "type": "Feature", "properties": { "reach_m": 23.307396680114579, "source": "cv" }, "geometry": { "type": "Point", "coordinates": [ -116.601638168465115, 48.137311787335904 ] } },
{ "type": "Feature", "properties": { "reach_m": 61.001061953510501, "source": "cv" }, "geometry": { "type": "Point", "coordinates": [ -116.602917048621165, 48.137273965574686 ] } },
{ "type": "Feature", "properties": { "reach_m": 55.469308217804404, "source": "cv" }, "geometry": { "type": "Point", "coordinates": [ -116.60270904286952, 48.137281696200269 ] } },
{ "type": "Feature", "properties": { "reach_m": 47.521101551303239, "source": "cv" }, "geometry": { "type": "Point", "coordinates": [ -116.602385891955734, 48.137280578726966 ] } },
{ "type": "Feature", "properties": { "reach_m": 13.806026956838892, "source": "cv" }, "geometry": { "type": "Point", "coordinates": [ -116.601306881755804, 48.13727261614936 ] } },
{ "type": "Feature", "properties": { "reach_m": 40.522503759799214, "source": "cv" }, "geometry": { "type": "Point", "coordinates": [ -116.602093847011176, 48.137254219717725 ] } },
{ "type": "Feature", "properties": { "reach_m": 59.899169579287211, "source": "cv" }, "geometry": { "type": "Point", "coordinates": [ -116.602785336723358, 48.137227038535393 ] } },
{ "type": "Feature", "properties": { "reach_m": 41.096028343616744, "source": "cv" }, "geometry": { "type": "Point", "coordinates": [ -116.602074372841287, 48.137228803975923 ] } },
{ "type": "Feature", "properties": { "reach_m": 49.530113834900902, "source": "cv" }, "geometry": { "type": "Point", "coordinates": [ -116.602324659036839, 48.13720432191645 ] } },
{ "type": "Feature", "properties": { "reach_m": 65.234130417464399, "source": "cv" }, "geometry": { "type": "Point", "coordinates": [ -116.60277781917091, 48.137108720391623 ] } },
{ "type": "Feature", "properties": { "reach_m": 42.07297141849952, "source": "cv" }, "geometry": { "type": "Point", "coordinates": [ -116.602029804554689, 48.137177953022793 ] } },
{ "type": "Feature", "properties": { "reach_m": 41.97989238538171, "source": "cv" }, "geometry": { "type": "Point", "coordinates": [ -116.602015819844922, 48.137169455158777 ] } },
{ "type": "Feature", "properties": { "reach_m": 58.480664216502426, "source": "cv" }, "geometry": { "type": "Point", "coordinates": [ -116.60259200063129, 48.137154549964443 ] } },
{ "type": "Feature", "properties": { "reach_m": 60.425869602929779, "source": "cv" }, "geometry": { "type": "Point", "coordinates": [ -116.602662283255484, 48.137150568236819 ] } },
{ "type": "Feature", "properties": { "reach_m": 66.111296432641794, "source": "cv" }, "geometry": { "type": "Point", "coordinates": [ -116.602861923644284, 48.137134359351123 ] } },
{ "type": "Feature", "properties": { "reach_m": 64.747569000281132, "source": "cv" }, "geometry": { "type": "Point", "coordinates": [ -116.602718972163643, 48.137087393397429 ] } },
{ "type": "Feature", "properties": { "reach_m": 60.029639636395466, "source": "cv" }, "geometry": { "type": "Point", "coordinates": [ -116.602558671889184, 48.13710373807811 ] } },
{ "type": "Feature", "properties": { "reach_m": 8.9775148473909798, "source": "cv" }, "geometry": { "type": "Point", "coordinates": [ -116.600934656833402, 48.137076987225477 ] } },
{ "type": "Feature", "properties": { "reach_m": 64.987438020590716, "source": "cv" }, "geometry": { "type": "Point", "coordinates": [ -116.602735799556996, 48.137091676281337 ] } },
{ "type": "Feature", "properties": { "reach_m": 9.817026664316554, "source": "cv" }, "geometry": { "type": "Point", "coordinates": [ -116.600973898573699, 48.137089797630416 ] } }
]
}
