{
"type": "FeatureCollection",
"name": "spokane_river_95_bridge_to_post_falls_dam_cv",
"crs": { "type": "name", "properties": { "name": "urn:ogc:def:crs:OGC:1.3:CRS84" } },
"features": [
{ "type": "Feature", "properties": { "reach_m": 8.7346405371085538, "source": "cv" }, "geometry": { "type": "Point", "coordinates": [ -116.93909452444683, 47.699572098840541 ] } },
{ "type": "Feature", "properties": { "reach_m": 63.531526684099916, "source": "cv" }, "geometry": { "type": "Point", "coordinates": [ -116.924506147500949, 47.699563428633901 ] } },
{ "type": "Feature", "properties": { "reach_m": 60.237364144378859, "source": "cv" }, "geometry": { "type": "Point", "coordinates": [ -116.922985895215533, 47.699548359562399 ] } },
{ "type": "Feature", "properties": { "reach_m": 58.59375, "source": "cv" }, "geometry": { "type": "Point", "coordinates": [ -116.922965028144674, 47.699576463247169 ] } },
{ "type": "Feature", "properties": { "reach_m": 47.65625, "source": "cv" }, "geometry": { "type": "Point", "coordinates": [ -116.922808949811909, 47.699499034711387 ] } },
{ "type": "Feature", "properties": { "reach_m": 60.459866918580794, "source": "cv" }, "geometry": { "type": "Point", "coordinates": [ -116.922913305929796, 47.699344457556009 ] } },
{ "type": "Feature", "properties": { "reach_m": 45.420130792964478, "source": "cv" }, "geometry": { "type": "Point", "coordinates": [ -116.922632233533349, 47.699295062434096 ] } },
{ "type": "Feature", "properties": { "reach_m": 54.418983647712494, "source": "cv" }, "geometry": { "type": "Point", "coordinates": [ -116.922736423597684, 47.699252956094561 ] } },
{ "type": "Feature", "properties": { "reach_m": 69.824696785951033, "source": "cv" }, "geometry": { "type": "Point", "coordinates": [ -116.922882347454959, 47.699154642328125 ] } },
{ "type": "Feature", "properties": { "reach_m": 44.318295636508857, "source": "cv" }, "geometry": { "type": "Point", "coordinates": [ -116.922424155299993, 47.699175421760167 ] } },
{ "type": "Feature", "properties": { "reach_m": 56.347571625803006, "source": "cv" }, "geometry": { "type": "Point", "coordinates": [ -116.922590821750362, 47.699133357771025 ] } },
{ "type": "Feature", "properties": { "reach_m": 20.80238586827242, "source": "cv" }, "geometry": { "type": "Point", "coordinates": [ -116.921674658315084, 47.699027294736702 ] } },
{ "type": "Feature", "properties": { "reach_m": 62.485349845483782, "source": "cv" }, "geometry": { "type": "Point", "coordinates": [ -116.922705372311952, 47.699126405564002 ] } },
{ "type": "Feature", "properties": { "reach_m": 43.673202685542769, "source": "cv" }, "geometry": { "type": "Point", "coordinates": [ -116.922122415812822, 47.6990205700628 ] } },
{ "type": "Feature", "properties": { "reach_m": 64.636339974603302, "source": "cv" }, "geometry": { "type": "Point", "coordinates": [ -116.922663794112566, 47.69907717158636 ] } },
{ "type": "Feature", "properties": { "reach_m": 53.10776374799169, "source": "cv" }, "geometry": { "type": "Point", "coordinates": [ -116.922330638899837, 47.699041799457468 ] } },
{ "type": "Feature", "properties": { "reach_m": 47.218791363317422, "source": "cv" }, "geometry": { "type": "Point", "coordinates": [ -116.922257708028624, 47.699069867765047 ] } },
{ "type": "Feature", "properties": { "reach_m": 67.35534992903311, "source": "cv" }, "geometry": { "type": "Point", "coordinates": [ -116.922591019445704, 47.698999798858964 ] } },
{ "type": "Feature", "properties": { "reach_m": 62.426714846790553, "source": "cv" }, "geometry": { "type": "Point", "coordinates": [ -116.922362023174372, 47.698943408766006 ] } },
{ "type": "Feature", "properties": { "reach_m": 62.206341366857444, "source": "cv" }, "geometry": { "type": "Point", "coordinates": [ -116.922279254323115, 47.698584852122053 ] } },
{ "type": "Feature", "properties": { "reach_m": 12.228496751951976, "source": "cv" }, "geometry": { "type": "Point", "coordinates": [ -116.912366417241856, 47.698584739455974 ] } },
{ "type": "Feature", "properties": { "reach_m": 24.067065313670881, "source": "cv" }, "geometry": { "type": "Point", "coordinates": [ -116.911866705731171, 47.698528121353384 ] } },
{ "type": "Feature", "properties": { "reach_m": 8.6291882946775473, "source": "cv" }, "geometry": { "type": "Point", "coordinates": [ -116.913637338667684, 47.698234231777576 ] } },
{ "type": "Feature", "properties": { "reach_m": 30.065439695146651, "source": "cv" }, "geometry": { "type": "Point", "coordinates": [ -116.921853092635359, 47.698078444139121 ] } },
{ "type": "Feature", "properties": { "reach_m": 36.013845536300344, "source": "cv" }, "geometry": { "type": "Point", "coordinates": [ -116.916107089192536, 47.697005914519679 ] } },
{ "type": "Feature", "properties": { "reach_m": 15.625, "source": "cv" }, "geometry": { "type": "Point", "coordinates": [ -116.921990080786003, 47.696988976420293 ] } },
{ "type": "Feature", "properties": { "reach_m": 24.306795603287572, "source": "cv" }, "geometry": { "type": "Point", "coordinates": [ -116.916388322911885, 47.696942854946492 ] } },
{ "type": "Feature", "properties": { "reach_m": 25.969953341554159, "source": "cv" }, "geometry": { "type": "Point", "coordinates": [ -116.922115091384995, 47.696946884780729 ] } },
{ "type": "Feature", "properties": { "reach_m": 29.831067331307477, "source": "cv" }, "geometry": { "type": "Point", "coordinates": [ -116.922104773303815, 47.696883612942173 ] } },
{ "type": "Feature", "properties": { "reach_m": 53.445723051522101, "source": "cv" }, "geometry": { "type": "Point", "coordinates": [ -116.922386061742102, 47.696778362148876 ] } },
{ "type": "Feature", "properties": { "reach_m": 23.136082648376323, "source": "cv" }, "geometry": { "type": "Point", "coordinates": [ -116.916773857857876, 47.696767399557395 ] } },
{ "type": "Feature", "properties": { "reach_m": 26.722861525761051, "source": "cv" }, "geometry": { "type": "Point", "coordinates": [ -116.91700301704806, 47.696711330121424 ] } },
{ "type": "Feature", "properties": { "reach_m": 25.969953341554159, "source": "cv" }, "geometry": { "type": "Point", "coordinates": [ -116.917107195346603, 47.69667625829203 ] } },
{ "type": "Feature", "properties": { "reach_m": 39.443454879263555, "source": "cv" }, "geometry": { "type": "Point", "coordinates": [ -116.921865563567806, 47.6967006852297 ] } },
{ "type": "Feature", "properties": { "reach_m": 11.822457773766841, "source": "cv" }, "geometry": { "type": "Point", "coordinates": [ -116.917492448683859, 47.696676535941904 ] } },
{ "type": "Feature", "properties": { "reach_m": 11.185797705684651, "source": "cv" }, "geometry": { "type": "Point", "coordinates": [ -116.918658642848413, 47.696663309674854 ] } },
{ "type": "Feature", "properties": { "reach_m": 15.625, "source": "cv" }, "geometry": { "type": "Point", "coordinates": [ -116.918908558650315, 47.696649427703285 ] } },
{ "type": "Feature", "properties": { "reach_m": 14.149039278339714, "source": "cv" }, "geometry": { "type": "Point", "coordinates": [ -116.919908123655745, 47.696657159143747 ] } },
{ "type": "Feature", "properties": { "reach_m": 20.506882419385448, "source": "cv" }, "geometry": { "type": "Point", "coordinates": [ -116.920116379377333, 47.696650274883346 ] } },
{ "type": "Feature", "properties": { "reach_m": 17.258376589355095, "source": "cv" }, "geometry": { "type": "Point", "coordinates": [ -116.918856530131478, 47.696628302644775 ] } },
{ "type": "Feature", "properties": { "reach_m": 11.899645477912358, "source": "cv" }, "geometry": { "type": "Point", "coordinates": [ -116.918606614416902, 47.696642184503148 ] } },
{ "type": "Feature", "properties": { "reach_m": 48.019873001966587, "source": "cv" }, "geometry": { "type": "Point", "coordinates": [ -116.921657486875077, 47.696588072537409 ] } },
{ "type": "Feature", "properties": { "reach_m": 10.15625, "source": "cv" }, "geometry": { "type": "Point", "coordinates": [ -116.91844004040729, 47.69662800737725 ] } },
{ "type": "Feature", "properties": { "reach_m": 21.791133876533365, "source": "cv" }, "geometry": { "type": "Point", "coordinates": [ -116.920012332153647, 47.696600996418368 ] } },
{ "type": "Feature", "properties": { "reach_m": 15.625, "source": "cv" }, "geometry": { "type": "Point", "coordinates": [ -116.918127772154406, 47.696564520166262 ] } },
{ "type": "Feature", "properties": { "reach_m": 17.134150155829147, "source": "cv" }, "geometry": { "type": "Point", "coordinates": [ -116.918721181894639, 47.696621177429869 ] } },
{ "type": "Feature", "properties": { "reach_m": 12.717828590702895, "source": "cv" }, "geometry": { "type": "Point", "coordinates": [ -116.918523360253246, 47.696614007714203 ] } },
{ "type": "Feature", "properties": { "reach_m": 11.744762795603835, "source": "cv" }, "geometry": { "type": "Point", "coordinates": [ -116.91835677538289, 47.696606859886202 ] } },
{ "type": "Feature", "properties": { "reach_m": 28.948448927576415, "source": "cv" }, "geometry": { "type": "Point", "coordinates": [ -116.919012866170164, 47.696530001116074 ] } },
{ "type": "Feature", "properties": { "reach_m": 19.593650318725707, "source": "cv" }, "geometry": { "type": "Point", "coordinates": [ -116.918679587576833, 47.696586000828063 ] } },
{ "type": "Feature", "properties": { "reach_m": 14.84375, "source": "cv" }, "geometry": { "type": "Point", "coordinates": [ -116.91825270793116, 47.696571638663933 ] } },
{ "type": "Feature", "properties": { "reach_m": 15.819106821341084, "source": "cv" }, "geometry": { "type": "Point", "coordinates": [ -116.917992391116499, 47.696578482348002 ] } },
{ "type": "Feature", "properties": { "reach_m": 41.013764838770896, "source": "cv" }, "geometry": { "type": "Point", "coordinates": [ -116.916992839076528, 47.696563704802493 ] } },
{ "type": "Feature", "properties": { "reach_m": 57.324801024512936, "source": "cv" }, "geometry": { "type": "Point", "coordinates": [ -116.921470277724197, 47.696447356041439 ] } },
{ "type": "Feature", "properties": { "reach_m": 24.21875, "source": "cv" }, "geometry": { "type": "Point", "coordinates": [ -116.918950327467854, 47.696572133520903 ] } },
{ "type": "Feature", "properties": { "reach_m": 59.810287641947511, "source": "cv" }, "geometry": { "type": "Point", "coordinates": [ -116.921740921500898, 47.696496746924197 ] } },
{ "type": "Feature", "properties": { "reach_m": 57.159530387001077, "source": "cv" }, "geometry": { "type": "Point", "coordinates": [ -116.921928267968596, 47.69654608052624 ] } },
{ "type": "Feature", "properties": { "reach_m": 19.779670158081505, "source": "cv" }, "geometry": { "type": "Point", "coordinates": [ -116.918533871038136, 47.696550750337629 ] } },
{ "type": "Feature", "properties": { "reach_m": 16.40625, "source": "cv" }, "geometry": { "type": "Point", "coordinates": [ -116.918419303639709, 47.696571757224191 ] } },
{ "type": "Feature", "properties": { "reach_m": 31.25, "source": "cv" }, "geometry": { "type": "Point", "coordinates": [ -116.91895042550847, 47.696508868750669 ] } },
{ "type": "Feature", "properties": { "reach_m": 55.204033834154728, "source": "cv" }, "geometry": { "type": "Point", "coordinates": [ -116.921772074040931, 47.696553003578444 ] } },
{ "type": "Feature", "properties": { "reach_m": 28.125, "source": "cv" }, "geometry": { "type": "Point", "coordinates": [ -116.919825019628092, 47.69653057143249 ] } },
{ "type": "Feature", "properties": { "reach_m": 26.745691825974514, "source": "cv" }, "geometry": { "type": "Point", "coordinates": [ -116.919356447875515, 47.696544301943263 ] } },
{ "type": "Feature", "properties": { "reach_m": 19.671372362522142, "source": "cv" }, "geometry": { "type": "Point", "coordinates": [ -116.91828401052426, 47.696529484399676 ] } },
{ "type": "Feature", "properties": { "reach_m": 47.886227877256111, "source": "cv" }, "geometry": { "type": "Point", "coordinates": [ -116.916774215808474, 47.696542458168878 ] } },
{ "type": "Feature", "properties": { "reach_m": 33.729739288942035, "source": "cv" }, "geometry": { "type": "Point", "coordinates": [ -116.919221164929169, 47.696495000804042 ] } },
{ "type": "Feature", "properties": { "reach_m": 57.896897855152829, "source": "cv" }, "geometry": { "type": "Point", "coordinates": [ -116.921834578931893, 47.696531957892617 ] } },
{ "type": "Feature", "properties": { "reach_m": 69.249781418878868, "source": "cv" }, "geometry": { "type": "Point", "coordinates": [ -116.921793098213939, 47.696419458803135 ] } },
{ "type": "Feature", "properties": { "reach_m": 52.952385008845447, "source": "cv" }, "geometry": { "type": "Point", "coordinates": [ -116.921355722298188, 47.696461336441473 ] } },
{ "type": "Feature", "properties": { "reach_m": 25.30333553234632, "source": "cv" }, "geometry": { "type": "Point", "coordinates": [ -116.91839861078688, 47.696487389391393 ] } },
{ "type": "Feature", "properties": { "reach_m": 45.211363425719647, "source": "cv" }, "geometry": { "type": "Point", "coordinates": [ -116.919356708006163, 47.696375595885229 ] } },
{ "type": "Feature", "properties": { "reach_m": 38.28125, "source": "cv" }, "geometry": { "type": "Point", "coordinates": [ -116.919814747507914, 47.696439181708392 ] } },
{ "type": "Feature", "properties": { "reach_m": 31.25, "source": "cv" }, "geometry": { "type": "Point", "coordinates": [ -116.919637653602223, 47.696495293235856 ] } },
{ "type": "Feature", "properties": { "reach_m": 31.25, "source": "cv" }, "geometry": { "type": "Point", "coordinates": [ -116.918815077567729, 47.696501743646536 ] } },
{ "type": "Feature", "properties": { "reach_m": 31.724907037885863, "source": "cv" }, "geometry": { "type": "Point", "coordinates": [ -116.919710539120686, 47.696495344256 ] } },
{ "type": "Feature", "properties": { "reach_m": 33.91920835326939, "source": "cv" }, "geometry": { "type": "Point", "coordinates": [ -116.918898408012822, 47.696480714291717 ] } },
{ "type": "Feature", "properties": { "reach_m": 65.741154645035706, "source": "cv" }, "geometry": { "type": "Point", "coordinates": [ -116.921845096199974, 47.696461670790072 ] } },
{ "type": "Feature", "properties": { "reach_m": 29.419016224629267, "source": "cv" }, "geometry": { "type": "Point", "coordinates": [ -116.918513188960873, 47.696459353106142 ] } },
{ "type": "Feature", "properties": { "reach_m": 33.84715472255386, "source": "cv" }, "geometry": { "type": "Point", "coordinates": [ -116.918773472364492, 47.696473596497029 ] } },
{ "type": "Feature", "properties": { "reach_m": 27.119617121421534, "source": "cv" }, "geometry": { "type": "Point", "coordinates": [ -116.918419457146399, 47.696473345360367 ] } },
{ "type": "Feature", "properties": { "reach_m": 34.375, "source": "cv" }, "geometry": { "type": "Point", "coordinates": [ -116.919637696806248, 47.696467175559427 ] } },
{ "type": "Feature", "properties": { "reach_m": 64.124398449907503, "source": "cv" }, "geometry": { "type": "Point", "coordinates": [ -116.921647316850496, 47.696426388781703 ] } },
{ "type": "Feature", "properties": { "reach_m": 61.520647258156345, "source": "cv" }, "geometry": { "type": "Point", "coordinates": [ -116.921459928852798, 47.696405172398443 ] } },
{ "type": "Feature", "properties": { "reach_m": 40.33096718481346, "source": "cv" }, "geometry": { "type": "Point", "coordinates": [ -116.919075491784227, 47.696431633324494 ] } },
{ "type": "Feature", "properties": { "reach_m": 52.34375, "source": "cv" }, "geometry": { "type": "Point", "coordinates": [ -116.91913812803061, 47.696326236077709 ] } },
{ "type": "Feature", "properties": { "reach_m": 41.40625, "source": "cv" }, "geometry": { "type": "Point", "coordinates": [ -116.919793966216275, 47.696411049478044 ] } },
{ "type": "Feature", "properties": { "reach_m": 46.933557174611217, "source": "cv" }, "geometry": { "type": "Point", "coordinates": [ -116.919023528715542, 47.696368331826271 ] } },
{ "type": "Feature", "properties": { "reach_m": 41.516657048707572, "source": "cv" }, "geometry": { "type": "Point", "coordinates": [ -116.918763180255951, 47.696396265517102 ] } },
{ "type": "Feature", "properties": { "reach_m": 65.223848327318137, "source": "cv" }, "geometry": { "type": "Point", "coordinates": [ -116.921459981633035, 47.69637002530078 ] } },
{ "type": "Feature", "properties": { "reach_m": 49.834932605678318, "source": "cv" }, "geometry": { "type": "Point", "coordinates": [ -116.919221392925039, 47.696347383002752 ] } },
{ "type": "Feature", "properties": { "reach_m": 42.633636405132044, "source": "cv" }, "geometry": { "type": "Point", "coordinates": [ -116.918627887315822, 47.696353993096821 ] } },
{ "type": "Feature", "properties": { "reach_m": 53.176675235130112, "source": "cv" }, "geometry": { "type": "Point", "coordinates": [ -116.918867443984169, 47.696304956733485 ] } },
{ "type": "Feature", "properties": { "reach_m": 47.218791363317422, "source": "cv" }, "geometry": { "type": "Point", "coordinates": [ -116.918669590725273, 47.696318875527709 ] } },
{ "type": "Feature", "properties": { "reach_m": 54.6875, "source": "cv" }, "geometry": { "type": "Point", "coordinates": [ -116.918961164485552, 47.696297993531886 ] } },
{ "type": "Feature", "properties": { "reach_m": 64.537113837698072, "source": "cv" }, "geometry": { "type": "Point", "coordinates": [ -116.919096653276554, 47.696213736012936 ] } },
{ "type": "Feature", "properties": { "reach_m": 59.993692702337462, "source": "cv" }, "geometry": { "type": "Point", "coordinates": [ -116.91928401792795, 47.696249015093869 ] } },
{ "type": "Feature", "properties": { "reach_m": 56.298806950613965, "source": "cv" }, "geometry": { "type": "Point", "coordinates": [ -116.918867487601958, 47.696276839056637 ] } },
{ "type": "Feature", "properties": { "reach_m": 58.59375, "source": "cv" }, "geometry": { "type": "Point", "coordinates": [ -116.918971631115255, 47.696262853788483 ] } },
{ "type": "Feature", "properties": { "reach_m": 59.344153171352943, "source": "cv" }, "geometry": { "type": "Point", "coordinates": [ -116.91871140333285, 47.696213463750858 ] } },
{ "type": "Feature", "properties": { "reach_m": 63.401698641479634, "source": "cv" }, "geometry": { "type": "Point", "coordinates": [ -116.918846772327726, 47.696206530138589 ] } },
{ "type": "Feature", "properties": { "reach_m": 60.982555459020404, "source": "cv" }, "geometry": { "type": "Point", "coordinates": [ -116.918867553028534, 47.696234662541137 ] } },
{ "type": "Feature", "properties": { "reach_m": 68.331467517718366, "source": "cv" }, "geometry": { "type": "Point", "coordinates": [ -116.919086295490857, 47.696178581574699 ] } },
{ "type": "Feature", "properties": { "reach_m": 67.640190068479257, "source": "cv" }, "geometry": { "type": "Point", "coordinates": [ -116.919221642632735, 47.696185706358861 ] } },
{ "type": "Feature", "properties": { "reach_m": 68.08090602823232, "source": "cv" }, "geometry": { "type": "Point", "coordinates": [ -116.919044646876031, 47.696178552199562 ] } },
{ "type": "Feature", "properties": { "reach_m": 67.300957982130541, "source": "cv" }, "geometry": { "type": "Point", "coordinates": [ -116.919315362873618, 47.696178742867694 ] } },
{ "type": "Feature", "properties": { "reach_m": 66.750029260293203, "source": "cv" }, "geometry": { "type": "Point", "coordinates": [ -116.918836414711464, 47.696171375677849 ] } },
{ "type": "Feature", "properties": { "reach_m": 69.192468204639155, "source": "cv" }, "geometry": { "type": "Point", "coordinates": [ -116.919357044004713, 47.696157683886227 ] } },
{ "type": "Feature", "properties": { "reach_m": 67.950787856451669, "source": "cv" }, "geometry": { "type": "Point", "coordinates": [ -116.918794798845127, 47.696150257953967 ] } },
{ "type": "Feature", "properties": { "reach_m": 65.573826774197798, "source": "cv" }, "geometry": { "type": "Point", "coordinates": [ -116.918721902885267, 47.696157235771793 ] } },
{ "type": "Feature", "properties": { "reach_m": 69.640889681457978, "source": "cv" }, "geometry": { "type": "Point", "coordinates": [ -116.919940124390166, 47.696158092174898 ] } },
{ "type": "Feature", "properties": { "reach_m": 68.331467517718366, "source": "cv" }, "geometry": { "type": "Point", "coordinates": [ -116.918867662072515, 47.696164368347929 ] } },
{ "type": "Feature", "properties": { "reach_m": 55.737684317928029, "source": "cv" }, "geometry": { "type": "Point", "coordinates": [ -116.916108712853884, 47.695993678261068 ] } },
{ "type": "Feature", "properties": { "reach_m": 48.59475481276246, "source": "cv" }, "geometry": { "type": "Point", "coordinates": [ -116.922242160628201, 47.695519997288272 ] } },
{ "type": "Feature", "properties": { "reach_m": 45.634630832844479, "source": "cv" }, "geometry": { "type": "Point", "coordinates": [ -116.922211039560551, 47.69544265248912 ] } },
{ "type": "Feature", "properties": { "reach_m": 48.770278234417525, "source": "cv" }, "geometry": { "type": "Point", "coordinates": [ -116.92209660170397, 47.695379310003311 ] } },
{ "type": "Feature", "properties": { "reach_m": 51.408387113631569, "source": "cv" }, "geometry": { "type": "Point", "coordinates": [ -116.921836606467309, 47.695175279783733 ] } },
{ "type": "Feature", "properties": { "reach_m": 32.296916575928734, "source": "cv" }, "geometry": { "type": "Point", "coordinates": [ -116.921753878697558, 47.694795634265056 ] } },
{ "type": "Feature", "properties": { "reach_m": 8.59375, "source": "cv" }, "geometry": { "type": "Point", "coordinates": [ -116.915819945478461, 47.694271256830397 ] } },
{ "type": "Feature", "properties": { "reach_m": 46.901034436886356, "source": "cv" }, "geometry": { "type": "Point", "coordinates": [ -116.921223349294991, 47.694478946978172 ] } },
{ "type": "Feature", "properties": { "reach_m": 21.452390965228098, "source": "cv" }, "geometry": { "type": "Point", "coordinates": [ -116.921577424815112, 47.694429983503497 ] } },
{ "type": "Feature", "properties": { "reach_m": 17.469281074217108, "source": "cv" }, "geometry": { "type": "Point", "coordinates": [ -116.921556738252647, 47.694338586784085 ] } },
{ "type": "Feature", "properties": { "reach_m": 18.520733736140151, "source": "cv" }, "geometry": { "type": "Point", "coordinates": [ -116.921473581143218, 47.694247147326173 ] } },
{ "type": "Feature", "properties": { "reach_m": 21.664725974784449, "source": "cv" }, "geometry": { "type": "Point", "coordinates": [ -116.921442314160871, 47.694268214213196 ] } },
{ "type": "Feature", "properties": { "reach_m": 34.938562148434215, "source": "cv" }, "geometry": { "type": "Point", "coordinates": [ -116.921213318663945, 47.694225880638037 ] } },
{ "type": "Feature", "properties": { "reach_m": 12.931988560349101, "source": "cv" }, "geometry": { "type": "Point", "coordinates": [ -116.921421817984367, 47.69405028786516 ] } },
{ "type": "Feature", "properties": { "reach_m": 30.388516154338628, "source": "cv" }, "geometry": { "type": "Point", "coordinates": [ -116.9203504159495, 47.693388782764131 ] } },
{ "type": "Feature", "properties": { "reach_m": 28.125, "source": "cv" }, "geometry": { "type": "Point", "coordinates": [ -116.920298400800263, 47.693360628925788 ] } },
{ "type": "Feature", "properties": { "reach_m": 25.0, "source": "cv" }, "geometry": { "type": "Point", "coordinates": [ -116.920246385707046, 47.693332475063762 ] } },
{ "type": "Feature", "properties": { "reach_m": 21.09375, "source": "cv" }, "geometry": { "type": "Point", "coordinates": [ -116.920215204555689, 47.693297306235067 ] } },
{ "type": "Feature", "properties": { "reach_m": 19.671372362522142, "source": "cv" }, "geometry": { "type": "Point", "coordinates": [ -116.920360977384917, 47.693290378067154 ] } },
{ "type": "Feature", "properties": { "reach_m": 10.186253758129139, "source": "cv" }, "geometry": { "type": "Point", "coordinates": [ -116.903910083750773, 47.699273882893273 ] } },
{ "type": "Feature", "properties": { "reach_m": 10.626148834949566, "source": "cv" }, "geometry": { "type": "Point", "coordinates": [ -116.902879272187889, 47.699244897395943 ] } },
{ "type": "Feature", "properties": { "reach_m": 14.405538214520137, "source": "cv" }, "geometry": { "type": "Point", "coordinates": [ -116.903660280972517, 47.699217438054994 ] } },
{ "type": "Feature", "properties": { "reach_m": 11.71875, "source": "cv" }, "geometry": { "type": "Point", "coordinates": [ -116.902993825583323, 47.699237964868104 ] } },
{ "type": "Feature", "properties": { "reach_m": 23.812110397075266, "source": "cv" }, "geometry": { "type": "Point", "coordinates": [ -116.902192069504451, 47.699223225449657 ] } },
{ "type": "Feature", "properties": { "reach_m": 29.728589985063198, "source": "cv" }, "geometry": { "type": "Point", "coordinates": [ -116.904024933789728, 47.699105272841393 ] } },
{ "type": "Feature", "properties": { "reach_m": 18.238464890513676, "source": "cv" }, "geometry": { "type": "Point", "coordinates": [ -116.903847749325905, 47.699196507020062 ] } },
{ "type": "Feature", "properties": { "reach_m": 46.875, "source": "cv" }, "geometry": { "type": "Point", "coordinates": [ -116.905743199370548, 47.699015314577728 ] } },
{ "type": "Feature", "properties": { "reach_m": 39.84375, "source": "cv" }, "geometry": { "type": "Point", "coordinates": [ -116.906284547174295, 47.6990790227768 ] } },
{ "type": "Feature", "properties": { "reach_m": 8.4143200111476624, "source": "cv" }, "geometry": { "type": "Point", "coordinates": [ -116.907369587525906, 47.69788490162739 ] } },
{ "type": "Feature", "properties": { "reach_m": 11.048543456039805, "source": "cv" }, "geometry": { "type": "Point", "coordinates": [ -116.89737431648183, 47.697510867714726 ] } },
{ "type": "Feature", "properties": { "reach_m": 15.388840315306412, "source": "cv" }, "geometry": { "type": "Point", "coordinates": [ -116.89733280482487, 47.69744053632342 ] } },
{ "type": "Feature", "properties": { "reach_m": 60.847288995689851, "source": "cv" }, "geometry": { "type": "Point", "coordinates": [ -116.897375282033508, 47.697018808750492 ] } },
{ "type": "Feature", "properties": { "reach_m": 27.972677796825245, "source": "cv" }, "geometry": { "type": "Point", "coordinates": [ -116.897439327379161, 47.696217511342894 ] } },
{ "type": "Feature", "properties": { "reach_m": 51.408387113631569, "source": "cv" }, "geometry": { "type": "Point", "coordinates": [ -116.894941751695299, 47.695547456254531 ] } },
{ "type": "Feature", "properties": { "reach_m": 12.813452708481817, "source": "cv" }, "geometry": { "type": "Point", "coordinates": [ -116.891383395476325, 47.694313993176181 ] } },
{ "type": "Feature", "properties": { "reach_m": 9.439879666870759, "source": "cv" }, "geometry": { "type": "Point", "coordinates": [ -116.891571025994935, 47.694208729175919 ] } },
{ "type": "Feature", "properties": { "reach_m": 8.1564894600863678, "source": "cv" }, "geometry": { "type": "Point", "coordinates": [ -116.892289639643437, 47.694110993935787 ] } },
{ "type": "Feature", "properties": { "reach_m": 10.15625, "source": "cv" }, "geometry": { "type": "Point", "coordinates": [ -116.871621486780441, 47.69868697810346 ] } },
{ "type": "Feature", "properties": { "reach_m": 8.4143200111476624, "source": "cv" }, "geometry": { "type": "Point", "coordinates": [ -116.873643355838411, 47.697937073750744 ] } },
{ "type": "Feature", "properties": { "reach_m": 9.4074957646814816, "source": "cv" }, "geometry": { "type": "Point", "coordinates": [ -116.873853029871412, 47.697346832639802 ] } },
{ "type": "Feature", "properties": { "reach_m": 20.684691085740198, "source": "cv" }, "geometry": { "type": "Point", "coordinates": [ -116.874009215443508, 47.697347004230139 ] } },
{ "type": "Feature", "properties": { "reach_m": 13.486466016900053, "source": "cv" }, "geometry": { "type": "Point", "coordinates": [ -116.873999361941571, 47.697115022330543 ] } },
{ "type": "Feature", "properties": { "reach_m": 36.727060229822371, "source": "cv" }, "geometry": { "type": "Point", "coordinates": [ -116.87433253946493, 47.697122417115025 ] } },
{ "type": "Feature", "properties": { "reach_m": 40.179346470699343, "source": "cv" }, "geometry": { "type": "Point", "coordinates": [ -116.874405493276655, 47.697094379278724 ] } },
{ "type": "Feature", "properties": { "reach_m": 37.041467472280303, "source": "cv" }, "geometry": { "type": "Point", "coordinates": [ -116.874384753051501, 47.697059209442401 ] } },
{ "type": "Feature", "properties": { "reach_m": 42.504595339798264, "source": "cv" }, "geometry": { "type": "Point", "coordinates": [ -116.874781228850509, 47.696722230271298 ] } },
{ "type": "Feature", "properties": { "reach_m": 15.722352966795397, "source": "cv" }, "geometry": { "type": "Point", "coordinates": [ -116.87421862938487, 47.696862203513781 ] } },
{ "type": "Feature", "properties": { "reach_m": 9.375, "source": "cv" }, "geometry": { "type": "Point", "coordinates": [ -116.884217544242333, 47.695459812987608 ] } },
{ "type": "Feature", "properties": { "reach_m": 37.702901600042672, "source": "cv" }, "geometry": { "type": "Point", "coordinates": [ -116.88081290074183, 47.695421180063988 ] } },
{ "type": "Feature", "properties": { "reach_m": 50.787259259828147, "source": "cv" }, "geometry": { "type": "Point", "coordinates": [ -116.887456629360173, 47.695020181481134 ] } },
{ "type": "Feature", "properties": { "reach_m": 65.666839341196408, "source": "cv" }, "geometry": { "type": "Point", "coordinates": [ -116.889205696876985, 47.695085148445372 ] } },
{ "type": "Feature", "properties": { "reach_m": 51.378697023304319, "source": "cv" }, "geometry": { "type": "Point", "coordinates": [ -116.889549602197633, 47.694937861970054 ] } },
{ "type": "Feature", "properties": { "reach_m": 20.846350100197398, "source": "cv" }, "geometry": { "type": "Point", "coordinates": [ -116.875431626737651, 47.694691433315832 ] } },
{ "type": "Feature", "properties": { "reach_m": 27.119617121421534, "source": "cv" }, "geometry": { "type": "Point", "coordinates": [ -116.875692123301832, 47.694607362648242 ] } },
{ "type": "Feature", "properties": { "reach_m": 13.843785270835429, "source": "cv" }, "geometry": { "type": "Point", "coordinates": [ -116.889008899527866, 47.694599927643807 ] } },
{ "type": "Feature", "properties": { "reach_m": 10.626148834949566, "source": "cv" }, "geometry": { "type": "Point", "coordinates": [ -116.888915282630819, 47.694557660477649 ] } },
{ "type": "Feature", "properties": { "reach_m": 9.4074957646814816, "source": "cv" }, "geometry": { "type": "Point", "coordinates": [ -116.888343367733441, 47.694212663341951 ] } },
{ "type": "Feature", "properties": { "reach_m": 29.064180058966055, "source": "cv" }, "geometry": { "type": "Point", "coordinates": [ -116.887895828087636, 47.694134903261613 ] } },
{ "type": "Feature", "properties": { "reach_m": 31.493194329291207, "source": "cv" }, "geometry": { "type": "Point", "coordinates": [ -116.887687834845167, 47.694022228991194 ] } },
{ "type": "Feature", "properties": { "reach_m": 32.040776022515431, "source": "cv" }, "geometry": { "type": "Point", "coordinates": [ -116.887646233284329, 47.694001099974798 ] } },
{ "type": "Feature", "properties": { "reach_m": 24.519304416367525, "source": "cv" }, "geometry": { "type": "Point", "coordinates": [ -116.887126057333887, 47.693810794857946 ] } },
{ "type": "Feature", "properties": { "reach_m": 28.168369339562418, "source": "cv" }, "geometry": { "type": "Point", "coordinates": [ -116.88705322116347, 47.693789634897378 ] } },
{ "type": "Feature", "properties": { "reach_m": 16.029909788033745, "source": "cv" }, "geometry": { "type": "Point", "coordinates": [ -116.886876268411768, 47.693768372296269 ] } },
{ "type": "Feature", "properties": { "reach_m": 9.5043164535909685, "source": "cv" }, "geometry": { "type": "Point", "coordinates": [ -116.865084546108477, 47.69782891818123 ] } },
{ "type": "Feature", "properties": { "reach_m": 46.120225447329503, "source": "cv" }, "geometry": { "type": "Point", "coordinates": [ -116.847915527417825, 47.697420829267095 ] } },
{ "type": "Feature", "properties": { "reach_m": 45.741503650951401, "source": "cv" }, "geometry": { "type": "Point", "coordinates": [ -116.847978022099156, 47.697413882649954 ] } },
{ "type": "Feature", "properties": { "reach_m": 14.925760292611562, "source": "cv" }, "geometry": { "type": "Point", "coordinates": [ -116.848301947482028, 47.697020663394611 ] } },
{ "type": "Feature", "properties": { "reach_m": 8.4143200111476624, "source": "cv" }, "geometry": { "type": "Point", "coordinates": [ -116.863747619816124, 47.695416244837148 ] } },
{ "type": "Feature", "properties": { "reach_m": 38.882397306654077, "source": "cv" }, "geometry": { "type": "Point", "coordinates": [ -116.843538145773167, 47.698813800095223 ] } },
{ "type": "Feature", "properties": { "reach_m": 46.09375, "source": "cv" }, "geometry": { "type": "Point", "coordinates": [ -116.842632604854771, 47.698693061593055 ] } },
{ "type": "Feature", "properties": { "reach_m": 15.169131124177811, "source": "cv" }, "geometry": { "type": "Point", "coordinates": [ -116.838770604961255, 47.69833622903689 ] } },
{ "type": "Feature", "properties": { "reach_m": 15.702930658001391, "source": "cv" }, "geometry": { "type": "Point", "coordinates": [ -116.828244142114016, 47.698131161646302 ] } },
{ "type": "Feature", "properties": { "reach_m": 39.482121151541492, "source": "cv" }, "geometry": { "type": "Point", "coordinates": [ -116.846352060474771, 47.697967041778831 ] } },
{ "type": "Feature", "properties": { "reach_m": 9.8821176880261863, "source": "cv" }, "geometry": { "type": "Point", "coordinates": [ -116.836793997036409, 47.697764051242963 ] } },
{ "type": "Feature", "properties": { "reach_m": 69.968777914241869, "source": "cv" }, "geometry": { "type": "Point", "coordinates": [ -116.827673191491726, 47.697603098598869 ] } },
{ "type": "Feature", "properties": { "reach_m": 8.1564894600863678, "source": "cv" }, "geometry": { "type": "Point", "coordinates": [ -116.835078139500013, 47.697065684682606 ] } },
{ "type": "Feature", "properties": { "reach_m": 16.312978920172736, "source": "cv" }, "geometry": { "type": "Point", "coordinates": [ -116.830465993831979, 47.696904315905982 ] } },
{ "type": "Feature", "properties": { "reach_m": 14.0625, "source": "cv" }, "geometry": { "type": "Point", "coordinates": [ -116.827217368215898, 47.696899470357344 ] } },
{ "type": "Feature", "properties": { "reach_m": 34.842348626527745, "source": "cv" }, "geometry": { "type": "Point", "coordinates": [ -116.832819524999081, 47.696795298055662 ] } },
{ "type": "Feature", "properties": { "reach_m": 8.304801416198945, "source": "cv" }, "geometry": { "type": "Point", "coordinates": [ -116.830622655847449, 47.696756929256267 ] } },
{ "type": "Feature", "properties": { "reach_m": 10.186253758129139, "source": "cv" }, "geometry": { "type": "Point", "coordinates": [ -116.830810462633522, 47.696637706028355 ] } },
{ "type": "Feature", "properties": { "reach_m": 17.62580339481012, "source": "cv" }, "geometry": { "type": "Point", "coordinates": [ -116.833038586021743, 47.696669087284683 ] } },
{ "type": "Feature", "properties": { "reach_m": 22.870751825475701, "source": "cv" }, "geometry": { "type": "Point", "coordinates": [ -116.832289221959314, 47.696569582515345 ] } },
{ "type": "Feature", "properties": { "reach_m": 41.984465132951257, "source": "cv" }, "geometry": { "type": "Point", "coordinates": [ -116.821801413344105, 47.697355129886411 ] } },
{ "type": "Feature", "properties": { "reach_m": 12.931988560349101, "source": "cv" }, "geometry": { "type": "Point", "coordinates": [ -116.819897817769018, 47.696810891970891 ] } },
{ "type": "Feature", "properties": { "reach_m": 22.00019975051363, "source": "cv" }, "geometry": { "type": "Point", "coordinates": [ -116.820168535972684, 47.696811316546906 ] } },
{ "type": "Feature", "properties": { "reach_m": 24.456993503903952, "source": "cv" }, "geometry": { "type": "Point", "coordinates": [ -116.819971017997204, 47.696719624260524 ] } },
{ "type": "Feature", "properties": { "reach_m": 43.673202685542769, "source": "cv" }, "geometry": { "type": "Point", "coordinates": [ -116.822095182874293, 47.696701848860734 ] } },
{ "type": "Feature", "properties": { "reach_m": 21.70694373351532, "source": "cv" }, "geometry": { "type": "Point", "coordinates": [ -116.819918981099278, 47.696712513180415 ] } },
{ "type": "Feature", "properties": { "reach_m": 9.1442968052497076, "source": "cv" }, "geometry": { "type": "Point", "coordinates": [ -116.81914886584083, 47.696598831168025 ] } },
{ "type": "Feature", "properties": { "reach_m": 18.036556844711242, "source": "cv" }, "geometry": { "type": "Point", "coordinates": [ -116.825271027214185, 47.696671581480381 ] } },
{ "type": "Feature", "properties": { "reach_m": 10.423175050098699, "source": "cv" }, "geometry": { "type": "Point", "coordinates": [ -116.826000022518727, 47.696630512623386 ] } },
{ "type": "Feature", "properties": { "reach_m": 13.304208098380002, "source": "cv" }, "geometry": { "type": "Point", "coordinates": [ -116.819700639534119, 47.696620787745879 ] } },
{ "type": "Feature", "properties": { "reach_m": 14.084184669781209, "source": "cv" }, "geometry": { "type": "Point", "coordinates": [ -116.81956547493742, 47.696564339858497 ] } },
{ "type": "Feature", "properties": { "reach_m": 15.799803450122409, "source": "cv" }, "geometry": { "type": "Point", "coordinates": [ -116.822168904945727, 47.696455933116411 ] } },
{ "type": "Feature", "properties": { "reach_m": 24.531747606418097, "source": "cv" }, "geometry": { "type": "Point", "coordinates": [ -116.819180637091108, 47.696444233793471 ] } },
{ "type": "Feature", "properties": { "reach_m": 19.216209181638817, "source": "cv" }, "geometry": { "type": "Point", "coordinates": [ -116.819066200548335, 47.69641593569412 ] } },
{ "type": "Feature", "properties": { "reach_m": 37.5, "source": "cv" }, "geometry": { "type": "Point", "coordinates": [ -116.819441305236367, 47.696339202808154 ] } },
{ "type": "Feature", "properties": { "reach_m": 20.372507516258278, "source": "cv" }, "geometry": { "type": "Point", "coordinates": [ -116.818463076092016, 47.696190041381428 ] } },
{ "type": "Feature", "properties": { "reach_m": 18.879759333741518, "source": "cv" }, "geometry": { "type": "Point", "coordinates": [ -116.818213478547349, 47.696105293085516 ] } },
{ "type": "Feature", "properties": { "reach_m": 10.481568644530265, "source": "cv" }, "geometry": { "type": "Point", "coordinates": [ -116.82072342067552, 47.695926476695433 ] } },
{ "type": "Feature", "properties": { "reach_m": 9.1108623356957832, "source": "cv" }, "geometry": { "type": "Point", "coordinates": [ -116.820422074241392, 47.695750269749261 ] } },
{ "type": "Feature", "properties": { "reach_m": 24.519304416367525, "source": "cv" }, "geometry": { "type": "Point", "coordinates": [ -116.817028294734513, 47.695590261004604 ] } },
{ "type": "Feature", "properties": { "reach_m": 22.344296321992331, "source": "cv" }, "geometry": { "type": "Point", "coordinates": [ -116.816643667043223, 47.695413911297265 ] } },
{ "type": "Feature", "properties": { "reach_m": 18.814991529362963, "source": "cv" }, "geometry": { "type": "Point", "coordinates": [ -116.816581293897272, 47.695385693892852 ] } },
{ "type": "Feature", "properties": { "reach_m": 11.614116208842583, "source": "cv" }, "geometry": { "type": "Point", "coordinates": [ -116.819673959364877, 47.695299213001626 ] } },
{ "type": "Feature", "properties": { "reach_m": 24.705294220065461, "source": "cv" }, "geometry": { "type": "Point", "coordinates": [ -116.81585389265615, 47.694976821895921 ] } },
{ "type": "Feature", "properties": { "reach_m": 26.882266459508209, "source": "cv" }, "geometry": { "type": "Point", "coordinates": [ -116.8156773119794, 47.694857038057442 ] } },
{ "type": "Feature", "properties": { "reach_m": 23.76079113397742, "source": "cv" }, "geometry": { "type": "Point", "coordinates": [ -116.815583729280092, 47.694821740540043 ] } },
{ "type": "Feature", "properties": { "reach_m": 17.985725676908341, "source": "cv" }, "geometry": { "type": "Point", "coordinates": [ -116.815511019962145, 47.694772417644216 ] } },
{ "type": "Feature", "properties": { "reach_m": 11.267347735824966, "source": "cv" }, "geometry": { "type": "Point", "coordinates": [ -116.815396663500294, 47.694723027709593 ] } },
{ "type": "Feature", "properties": { "reach_m": 9.1108623356957832, "source": "cv" }, "geometry": { "type": "Point", "coordinates": [ -116.813011167775102, 47.692139363247051 ] } },
{ "type": "Feature", "properties": { "reach_m": 40.931834054467927, "source": "cv" }, "geometry": { "type": "Point", "coordinates": [ -116.810768124086991, 47.690532974779821 ] } },
{ "type": "Feature", "properties": { "reach_m": 51.354932592327486, "source": "cv" }, "geometry": { "type": "Point", "coordinates": [ -116.810601701055361, 47.690490523587897 ] } },
{ "type": "Feature", "properties": { "reach_m": 39.288409252125497, "source": "cv" }, "geometry": { "type": "Point", "coordinates": [ -116.810768276655764, 47.690490798409897 ] } },
{ "type": "Feature", "properties": { "reach_m": 43.540233728414918, "source": "cv" }, "geometry": { "type": "Point", "coordinates": [ -116.810695552457446, 47.690448501834958 ] } },
{ "type": "Feature", "properties": { "reach_m": 58.822470262753335, "source": "cv" }, "geometry": { "type": "Point", "coordinates": [ -116.810352016047588, 47.690440905137365 ] } },
{ "type": "Feature", "properties": { "reach_m": 51.455855625234726, "source": "cv" }, "geometry": { "type": "Point", "coordinates": [ -116.810352296370851, 47.690363581792866 ] } },
{ "type": "Feature", "properties": { "reach_m": 64.357172895684286, "source": "cv" }, "geometry": { "type": "Point", "coordinates": [ -116.809467391298341, 47.69035508643131 ] } },
{ "type": "Feature", "properties": { "reach_m": 61.659386007423876, "source": "cv" }, "geometry": { "type": "Point", "coordinates": [ -116.809988066339997, 47.69032080261664 ] } },
{ "type": "Feature", "properties": { "reach_m": 59.39555565233816, "source": "cv" }, "geometry": { "type": "Point", "coordinates": [ -116.809332177088876, 47.690319714649881 ] } },
{ "type": "Feature", "properties": { "reach_m": 57.494904665544055, "source": "cv" }, "geometry": { "type": "Point", "coordinates": [ -116.810102612206791, 47.690313962799706 ] } },
{ "type": "Feature", "properties": { "reach_m": 64.124398449907503, "source": "cv" }, "geometry": { "type": "Point", "coordinates": [ -116.809873571539967, 47.69031358352948 ] } },
{ "type": "Feature", "properties": { "reach_m": 45.021967294449716, "source": "cv" }, "geometry": { "type": "Point", "coordinates": [ -116.810248594840701, 47.690250939359927 ] } },
{ "type": "Feature", "properties": { "reach_m": 49.169121804873633, "source": "cv" }, "geometry": { "type": "Point", "coordinates": [ -116.810165307424583, 47.690250801602474 ] } },
{ "type": "Feature", "properties": { "reach_m": 52.952385008845447, "source": "cv" }, "geometry": { "type": "Point", "coordinates": [ -116.809801155006795, 47.690186933648206 ] } },
{ "type": "Feature", "properties": { "reach_m": 50.152355767825107, "source": "cv" }, "geometry": { "type": "Point", "coordinates": [ -116.809853260678707, 47.690172961128766 ] } },
{ "type": "Feature", "properties": { "reach_m": 42.990051538117513, "source": "cv" }, "geometry": { "type": "Point", "coordinates": [ -116.810009526468306, 47.69014510221831 ] } },
{ "type": "Feature", "properties": { "reach_m": 40.931834054467927, "source": "cv" }, "geometry": { "type": "Point", "coordinates": [ -116.80992639246729, 47.690102787916821 ] } },
{ "type": "Feature", "properties": { "reach_m": 38.788098710332534, "source": "cv" }, "geometry": { "type": "Point", "coordinates": [ -116.809978472488169, 47.690095844735318 ] } },
{ "type": "Feature", "properties": { "reach_m": 69.920783860201396, "source": "cv" }, "geometry": { "type": "Point", "coordinates": [ -116.807543202361387, 47.689852785221483 ] } },
{ "type": "Feature", "properties": { "reach_m": 30.398556966162062, "source": "cv" }, "geometry": { "type": "Point", "coordinates": [ -116.80965614395069, 47.689982839508133 ] } },
{ "type": "Feature", "properties": { "reach_m": 29.749113694780892, "source": "cv" }, "geometry": { "type": "Point", "coordinates": [ -116.809708249457671, 47.6899688670538 ] } },
{ "type": "Feature", "properties": { "reach_m": 20.96313728906053, "source": "cv" }, "geometry": { "type": "Point", "coordinates": [ -116.809479312710337, 47.689940369417883 ] } },
{ "type": "Feature", "properties": { "reach_m": 11.71875, "source": "cv" }, "geometry": { "type": "Point", "coordinates": [ -116.809229631398821, 47.689890748525414 ] } },
{ "type": "Feature", "properties": { "reach_m": 8.0434610476460939, "source": "cv" }, "geometry": { "type": "Point", "coordinates": [ -116.809552726173251, 47.689792873093012 ] } },
{ "type": "Feature", "properties": { "reach_m": 19.216209181638817, "source": "cv" }, "geometry": { "type": "Point", "coordinates": [ -116.808251861361455, 47.68965714734577 ] } },
{ "type": "Feature", "properties": { "reach_m": 22.870751825475701, "source": "cv" }, "geometry": { "type": "Point", "coordinates": [ -116.807940621040174, 47.689361390420864 ] } },
{ "type": "Feature", "properties": { "reach_m": 30.787594523809425, "source": "cv" }, "geometry": { "type": "Point", "coordinates": [ -116.807577511776714, 47.689016339595021 ] } },
{ "type": "Feature", "properties": { "reach_m": 30.747919772116294, "source": "cv" }, "geometry": { "type": "Point", "coordinates": [ -116.807130552276689, 47.688825794354429 ] } },
{ "type": "Feature", "properties": { "reach_m": 66.061477908171497, "source": "cv" }, "geometry": { "type": "Point", "coordinates": [ -116.805039319139382, 47.68776608697334 ] } },
{ "type": "Feature", "properties": { "reach_m": 51.188297018587029, "source": "cv" }, "geometry": { "type": "Point", "coordinates": [ -116.805128276349933, 47.68764322287133 ] } },
{ "type": "Feature", "properties": { "reach_m": 35.765042814901584, "source": "cv" }, "geometry": { "type": "Point", "coordinates": [ -116.805222465111697, 47.687513338137471 ] } },
{ "type": "Feature", "properties": { "reach_m": 53.316173144504234, "source": "cv" }, "geometry": { "type": "Point", "coordinates": [ -116.804727940509565, 47.687505468197443 ] } },
{ "type": "Feature", "properties": { "reach_m": 38.12193333222335, "source": "cv" }, "geometry": { "type": "Point", "coordinates": [ -116.804842900710597, 47.687389678000045 ] } },
{ "type": "Feature", "properties": { "reach_m": 10.945753343393001, "source": "cv" }, "geometry": { "type": "Point", "coordinates": [ -116.798675709641202, 47.686946712676999 ] } },
{ "type": "Feature", "properties": { "reach_m": 16.871366004163342, "source": "cv" }, "geometry": { "type": "Point", "coordinates": [ -116.804288208807094, 47.68676662769608 ] } },
{ "type": "Feature", "properties": { "reach_m": 18.784720772399908, "source": "cv" }, "geometry": { "type": "Point", "coordinates": [ -116.804251768740329, 47.686766565538051 ] } },
{ "type": "Feature", "properties": { "reach_m": 13.538867334081212, "source": "cv" }, "geometry": { "type": "Point", "coordinates": [ -116.804277981436996, 47.686717404159175 ] } },
{ "type": "Feature", "properties": { "reach_m": 13.25980289816464, "source": "cv" }, "geometry": { "type": "Point", "coordinates": [ -116.804246839176685, 47.686692747989383 ] } },
{ "type": "Feature", "properties": { "reach_m": 17.127245410129326, "source": "cv" }, "geometry": { "type": "Point", "coordinates": [ -116.804158368309828, 47.6866855675854 ] } },
{ "type": "Feature", "properties": { "reach_m": 16.022261835282276, "source": "cv" }, "geometry": { "type": "Point", "coordinates": [ -116.80412207304694, 47.686646843702832 ] } },
{ "type": "Feature", "properties": { "reach_m": 16.853263674911684, "source": "cv" }, "geometry": { "type": "Point", "coordinates": [ -116.804028554545113, 47.686597477930192 ] } },
{ "type": "Feature", "properties": { "reach_m": 12.986495458039093, "source": "cv" }, "geometry": { "type": "Point", "coordinates": [ -116.804049509009531, 47.686562366505626 ] } },
{ "type": "Feature", "properties": { "reach_m": 20.449660876980516, "source": "cv" }, "geometry": { "type": "Point", "coordinates": [ -116.80390374931423, 47.686562117501651 ] } },
{ "type": "Feature", "properties": { "reach_m": 18.559941734279381, "source": "cv" }, "geometry": { "type": "Point", "coordinates": [ -116.803929804174501, 47.686555132583202 ] } },
{ "type": "Feature", "properties": { "reach_m": 61.527843018131556, "source": "cv" }, "geometry": { "type": "Point", "coordinates": [ -116.803060650312872, 47.686500923329262 ] } },
{ "type": "Feature", "properties": { "reach_m": 65.726787891998043, "source": "cv" }, "geometry": { "type": "Point", "coordinates": [ -116.802987770554907, 47.68650079822249 ] } },
{ "type": "Feature", "properties": { "reach_m": 68.731399541532568, "source": "cv" }, "geometry": { "type": "Point", "coordinates": [ -116.802935713585214, 47.686500708832156 ] } },
{ "type": "Feature", "properties": { "reach_m": 62.125238694552209, "source": "cv" }, "geometry": { "type": "Point", "coordinates": [ -116.803024289828812, 47.686479772591454 ] } },
{ "type": "Feature", "properties": { "reach_m": 65.588477949080811, "source": "cv" }, "geometry": { "type": "Point", "coordinates": [ -116.802977398867895, 47.686490236251259 ] } },
{ "type": "Feature", "properties": { "reach_m": 22.652163284364594, "source": "cv" }, "geometry": { "type": "Point", "coordinates": [ -116.803742662564758, 47.686484518235766 ] } },
{ "type": "Feature", "properties": { "reach_m": 12.986495458039093, "source": "cv" }, "geometry": { "type": "Point", "coordinates": [ -116.803919682561187, 47.686477791424629 ] } },
{ "type": "Feature", "properties": { "reach_m": 24.034980320567442, "source": "cv" }, "geometry": { "type": "Point", "coordinates": [ -116.803701056561138, 47.686473902903835 ] } },
{ "type": "Feature", "properties": { "reach_m": 26.542616304603122, "source": "cv" }, "geometry": { "type": "Point", "coordinates": [ -116.803617844604702, 47.686452672194733 ] } },
{ "type": "Feature", "properties": { "reach_m": 27.072097583752811, "source": "cv" }, "geometry": { "type": "Point", "coordinates": [ -116.80356070075652, 47.686420941891974 ] } },
{ "type": "Feature", "properties": { "reach_m": 22.930073249579664, "source": "cv" }, "geometry": { "type": "Point", "coordinates": [ -116.803680339290366, 47.686445749691813 ] } },
{ "type": "Feature", "properties": { "reach_m": 29.287276456320519, "source": "cv" }, "geometry": { "type": "Point", "coordinates": [ -116.803534632715923, 47.686431441425313 ] } },
{ "type": "Feature", "properties": { "reach_m": 20.167842247365382, "source": "cv" }, "geometry": { "type": "Point", "coordinates": [ -116.803711626185901, 47.686431744331941 ] } },
{ "type": "Feature", "properties": { "reach_m": 33.264410561332028, "source": "cv" }, "geometry": { "type": "Point", "coordinates": [ -116.803451381283566, 47.686420754691071 ] } },
{ "type": "Feature", "properties": { "reach_m": 46.125619897601275, "source": "cv" }, "geometry": { "type": "Point", "coordinates": [ -116.803077034682161, 47.686297097622713 ] } },
{ "type": "Feature", "properties": { "reach_m": 36.568946859620013, "source": "cv" }, "geometry": { "type": "Point", "coordinates": [ -116.803368169513462, 47.686399523800993 ] } },
{ "type": "Feature", "properties": { "reach_m": 40.878792306899093, "source": "cv" }, "geometry": { "type": "Point", "coordinates": [ -116.803284904951312, 47.686392351644514 ] } },
{ "type": "Feature", "properties": { "reach_m": 33.374345569568071, "source": "cv" }, "geometry": { "type": "Point", "coordinates": [ -116.803415047109183, 47.686392574679637 ] } },
{ "type": "Feature", "properties": { "reach_m": 34.32570605476181, "source": "cv" }, "geometry": { "type": "Point", "coordinates": [ -116.803394237571396, 47.686389024305434 ] } },
{ "type": "Feature", "properties": { "reach_m": 30.1728304927769, "source": "cv" }, "geometry": { "type": "Point", "coordinates": [ -116.803435975492889, 47.686364492763381 ] } },
{ "type": "Feature", "properties": { "reach_m": 41.616973363245627, "source": "cv" }, "geometry": { "type": "Point", "coordinates": [ -116.803232967054441, 47.686360630102826 ] } },
{ "type": "Feature", "properties": { "reach_m": 41.066904470835148, "source": "cv" }, "geometry": { "type": "Point", "coordinates": [ -116.803212236860659, 47.686335991504635 ] } },
{ "type": "Feature", "properties": { "reach_m": 24.224733110298192, "source": "cv" }, "geometry": { "type": "Point", "coordinates": [ -116.803482998266063, 47.686318881930099 ] } },
{ "type": "Feature", "properties": { "reach_m": 27.893996657156542, "source": "cv" }, "geometry": { "type": "Point", "coordinates": [ -116.803389388499028, 47.686294118525474 ] } },
{ "type": "Feature", "properties": { "reach_m": 30.1728304927769, "source": "cv" }, "geometry": { "type": "Point", "coordinates": [ -116.8033321789041, 47.686279961601322 ] } },
{ "type": "Feature", "properties": { "reach_m": 24.846778700310868, "source": "cv" }, "geometry": { "type": "Point", "coordinates": [ -116.803420688587181, 47.686276598545959 ] } },
{ "type": "Feature", "properties": { "reach_m": 48.020722452136376, "source": "cv" }, "geometry": { "type": "Point", "coordinates": [ -116.803014659192797, 47.686272387510982 ] } },
{ "type": "Feature", "properties": { "reach_m": 69.928962141808626, "source": "cv" }, "geometry": { "type": "Point", "coordinates": [ -116.802608696169827, 47.68625060154725 ] } },
{ "type": "Feature", "properties": { "reach_m": 39.719894572725607, "source": "cv" }, "geometry": { "type": "Point", "coordinates": [ -116.803098135165328, 47.686223324686928 ] } },
{ "type": "Feature", "properties": { "reach_m": 67.48207156556667, "source": "cv" }, "geometry": { "type": "Point", "coordinates": [ -116.802603636364864, 47.686211930909323 ] } },
{ "type": "Feature", "properties": { "reach_m": 57.174224952335635, "source": "cv" }, "geometry": { "type": "Point", "coordinates": [ -116.802765065076869, 47.686198149614277 ] } },
{ "type": "Feature", "properties": { "reach_m": 65.170616042212998, "source": "cv" }, "geometry": { "type": "Point", "coordinates": [ -116.802614140520504, 47.686187345930122 ] } },
{ "type": "Feature", "properties": { "reach_m": 56.377178108364404, "source": "cv" }, "geometry": { "type": "Point", "coordinates": [ -116.802718399616438, 47.686148863294555 ] } },
{ "type": "Feature", "properties": { "reach_m": 52.971545736879357, "source": "cv" }, "geometry": { "type": "Point", "coordinates": [ -116.802786046724393, 47.686156009021936 ] } },
{ "type": "Feature", "properties": { "reach_m": 61.742038734690993, "source": "cv" }, "geometry": { "type": "Point", "coordinates": [ -116.802635082509724, 47.68615574946093 ] } },
{ "type": "Feature", "properties": { "reach_m": 54.425348761895712, "source": "cv" }, "geometry": { "type": "Point", "coordinates": [ -116.802718505639433, 47.68612074570639 ] } },
{ "type": "Feature", "properties": { "reach_m": 32.347910542789009, "source": "cv" }, "geometry": { "type": "Point", "coordinates": [ -116.80308814712474, 47.68611083646632 ] } },
{ "type": "Feature", "properties": { "reach_m": 55.524737452972062, "source": "cv" }, "geometry": { "type": "Point", "coordinates": [ -116.802682119047148, 47.686106624256396 ] } },
{ "type": "Feature", "properties": { "reach_m": 33.81502503604694, "source": "cv" }, "geometry": { "type": "Point", "coordinates": [ -116.803036169931858, 47.686089658930428 ] } },
{ "type": "Feature", "properties": { "reach_m": 41.6719471532667, "source": "cv" }, "geometry": { "type": "Point", "coordinates": [ -116.802869681637148, 47.686064769980241 ] } },
{ "type": "Feature", "properties": { "reach_m": 54.790084360345041, "source": "cv" }, "geometry": { "type": "Point", "coordinates": [ -116.802630261352334, 47.686053814249931 ] } },
{ "type": "Feature", "properties": { "reach_m": 39.029937582426363, "source": "cv" }, "geometry": { "type": "Point", "coordinates": [ -116.802838686121476, 47.686001451742165 ] } },
{ "type": "Feature", "properties": { "reach_m": 40.13273875262994, "source": "cv" }, "geometry": { "type": "Point", "coordinates": [ -116.802750402129178, 47.685945064472747 ] } },
{ "type": "Feature", "properties": { "reach_m": 41.122613613974693, "source": "cv" }, "geometry": { "type": "Point", "coordinates": [ -116.80272440042593, 47.685937990329791 ] } },
{ "type": "Feature", "properties": { "reach_m": 59.074007229373692, "source": "cv" }, "geometry": { "type": "Point", "coordinates": [ -116.802370549612036, 47.685902234216968 ] } },
{ "type": "Feature", "properties": { "reach_m": 41.918437039907126, "source": "cv" }, "geometry": { "type": "Point", "coordinates": [ -116.802667270938343, 47.685902744882156 ] } },
{ "type": "Feature", "properties": { "reach_m": 69.972599563928682, "source": "cv" }, "geometry": { "type": "Point", "coordinates": [ -116.801969715552659, 47.68590154315266 ] } },
{ "type": "Feature", "properties": { "reach_m": 42.167105608137646, "source": "cv" }, "geometry": { "type": "Point", "coordinates": [ -116.802641309041235, 47.685885126624399 ] } },
{ "type": "Feature", "properties": { "reach_m": 65.759289131286138, "source": "cv" }, "geometry": { "type": "Point", "coordinates": [ -116.801938601476849, 47.685869856958121 ] } },
{ "type": "Feature", "properties": { "reach_m": 66.973536680856881, "source": "cv" }, "geometry": { "type": "Point", "coordinates": [ -116.801980259850254, 47.685866414134914 ] } },
{ "type": "Feature", "properties": { "reach_m": 64.256718831130826, "source": "cv" }, "geometry": { "type": "Point", "coordinates": [ -116.801980366268893, 47.685838296546599 ] } },
{ "type": "Feature", "properties": { "reach_m": 60.235542229347253, "source": "cv" }, "geometry": { "type": "Point", "coordinates": [ -116.801954457851707, 47.685806619339402 ] } },
{ "type": "Feature", "properties": { "reach_m": 50.937225964404156, "source": "cv" }, "geometry": { "type": "Point", "coordinates": [ -116.802360603025335, 47.685779201833064 ] } },
{ "type": "Feature", "properties": { "reach_m": 47.50304982259037, "source": "cv" }, "geometry": { "type": "Point", "coordinates": [ -116.80179334969489, 47.685736046731378 ] } },
{ "type": "Feature", "properties": { "reach_m": 54.135738000062659, "source": "cv" }, "geometry": { "type": "Point", "coordinates": [ -116.801991189879416, 47.68572935885701 ] } },
{ "type": "Feature", "properties": { "reach_m": 22.016641755060288, "source": "cv" }, "geometry": { "type": "Point", "coordinates": [ -116.801153125179852, 47.685717365445242 ] } },
{ "type": "Feature", "properties": { "reach_m": 19.396317779351101, "source": "cv" }, "geometry": { "type": "Point", "coordinates": [ -116.801090671120591, 47.685713742478136 ] } },
{ "type": "Feature", "properties": { "reach_m": 16.817000558821892, "source": "cv" }, "geometry": { "type": "Point", "coordinates": [ -116.801049066270565, 47.685703126184848 ] } },
{ "type": "Feature", "properties": { "reach_m": 13.47105955887764, "source": "cv" }, "geometry": { "type": "Point", "coordinates": [ -116.800986638973711, 47.68569247376427 ] } },
{ "type": "Feature", "properties": { "reach_m": 50.354102718182638, "source": "cv" }, "geometry": { "type": "Point", "coordinates": [ -116.801980911661886, 47.685694193904375 ] } },
{ "type": "Feature", "properties": { "reach_m": 45.459029641028437, "source": "cv" }, "geometry": { "type": "Point", "coordinates": [ -116.801913331796044, 47.685669474209611 ] } },
{ "type": "Feature", "properties": { "reach_m": 52.05897660107027, "source": "cv" }, "geometry": { "type": "Point", "coordinates": [ -116.802100747193307, 47.685666282871132 ] } },
{ "type": "Feature", "properties": { "reach_m": 43.617118419833616, "source": "cv" }, "geometry": { "type": "Point", "coordinates": [ -116.801918617248276, 47.685648395004122 ] } },
{ "type": "Feature", "properties": { "reach_m": 46.632401567088941, "source": "cv" }, "geometry": { "type": "Point", "coordinates": [ -116.802017550473053, 47.685641536302626 ] } },
{ "type": "Feature", "properties": { "reach_m": 13.643944684822639, "source": "cv" }, "geometry": { "type": "Point", "coordinates": [ -116.952893407098443, 47.709055818807776 ] } },
{ "type": "Feature", "properties": { "reach_m": 14.823176532039279, "source": "cv" }, "geometry": { "type": "Point", "coordinates": [ -116.952872571310323, 47.709062840832146 ] } },
{ "type": "Feature", "properties": { "reach_m": 8.0434610476460939, "source": "cv" }, "geometry": { "type": "Point", "coordinates": [ -116.952622656104751, 47.70902055445017 ] } },
{ "type": "Feature", "properties": { "reach_m": 16.086922095292188, "source": "cv" }, "geometry": { "type": "Point", "coordinates": [ -116.952862181941228, 47.709034714248013 ] } },
{ "type": "Feature", "properties": { "reach_m": 9.6635288100413916, "source": "cv" }, "geometry": { "type": "Point", "coordinates": [ -116.952705973849007, 47.709020588818007 ] } },
{ "type": "Feature", "properties": { "reach_m": 15.934435979977451, "source": "cv" }, "geometry": { "type": "Point", "coordinates": [ -116.9524048047343, 47.708078366600354 ] } },
{ "type": "Feature", "properties": { "reach_m": 19.764235376052373, "source": "cv" }, "geometry": { "type": "Point", "coordinates": [ -116.952498554671109, 47.70805731370384 ] } },
{ "type": "Feature", "properties": { "reach_m": 14.823176532039279, "source": "cv" }, "geometry": { "type": "Point", "coordinates": [ -116.952279836788392, 47.708071284120898 ] } },
{ "type": "Feature", "properties": { "reach_m": 10.626148834949566, "source": "cv" }, "geometry": { "type": "Point", "coordinates": [ -116.953623392109705, 47.707980437417305 ] } },
{ "type": "Feature", "properties": { "reach_m": 15.349127112803515, "source": "cv" }, "geometry": { "type": "Point", "coordinates": [ -116.952155036166062, 47.707881406480027 ] } },
{ "type": "Feature", "properties": { "reach_m": 10.481568644530265, "source": "cv" }, "geometry": { "type": "Point", "coordinates": [ -116.951499627643329, 47.707121828582473 ] } },
{ "type": "Feature", "properties": { "reach_m": 13.350005852058642, "source": "cv" }, "geometry": { "type": "Point", "coordinates": [ -116.953665573560897, 47.70738988565936 ] } },
{ "type": "Feature", "properties": { "reach_m": 41.317711944304222, "source": "cv" }, "geometry": { "type": "Point", "coordinates": [ -116.953248916098829, 47.707481114225843 ] } },
{ "type": "Feature", "properties": { "reach_m": 40.56485933045991, "source": "cv" }, "geometry": { "type": "Point", "coordinates": [ -116.953248890950846, 47.707509236540211 ] } },
{ "type": "Feature", "properties": { "reach_m": 69.964416178869087, "source": "cv" }, "geometry": { "type": "Point", "coordinates": [ -116.952561724433622, 47.707305067674795 ] } },
{ "type": "Feature", "properties": { "reach_m": 45.082931394542214, "source": "cv" }, "geometry": { "type": "Point", "coordinates": [ -116.952176411806775, 47.707283816000164 ] } },
{ "type": "Feature", "properties": { "reach_m": 64.636339974603302, "source": "cv" }, "geometry": { "type": "Point", "coordinates": [ -116.9524472110581, 47.707255806209218 ] } },
{ "type": "Feature", "properties": { "reach_m": 22.777155839239455, "source": "cv" }, "geometry": { "type": "Point", "coordinates": [ -116.951593454342813, 47.70701640947388 ] } },
{ "type": "Feature", "properties": { "reach_m": 14.363106492851745, "source": "cv" }, "geometry": { "type": "Point", "coordinates": [ -116.950979299599865, 47.706706803157935 ] } },
{ "type": "Feature", "properties": { "reach_m": 8.304801416198945, "source": "cv" }, "geometry": { "type": "Point", "coordinates": [ -116.950875157031419, 47.706706758623248 ] } },
{ "type": "Feature", "properties": { "reach_m": 26.51650429449553, "source": "cv" }, "geometry": { "type": "Point", "coordinates": [ -116.951125151775358, 47.706650620712644 ] } },
{ "type": "Feature", "properties": { "reach_m": 40.879610787347282, "source": "cv" }, "geometry": { "type": "Point", "coordinates": [ -116.951364699047417, 47.706629630740863 ] } },
{ "type": "Feature", "properties": { "reach_m": 61.871843353822911, "source": "cv" }, "geometry": { "type": "Point", "coordinates": [ -116.951656362821197, 47.706559448160299 ] } },
{ "type": "Feature", "properties": { "reach_m": 69.605823773050773, "source": "cv" }, "geometry": { "type": "Point", "coordinates": [ -116.951718900127148, 47.706503229830005 ] } },
{ "type": "Feature", "properties": { "reach_m": 57.8125, "source": "cv" }, "geometry": { "type": "Point", "coordinates": [ -116.951521023496468, 47.706510176988481 ] } },
{ "type": "Feature", "properties": { "reach_m": 16.40625, "source": "cv" }, "geometry": { "type": "Point", "coordinates": [ -116.950969089737995, 47.706488850745266 ] } },
{ "type": "Feature", "properties": { "reach_m": 64.0625, "source": "cv" }, "geometry": { "type": "Point", "coordinates": [ -116.95160446739682, 47.706369600560222 ] } },
{ "type": "Feature", "properties": { "reach_m": 56.789943266832019, "source": "cv" }, "geometry": { "type": "Point", "coordinates": [ -116.951510798373107, 47.706306285775511 ] } },
{ "type": "Feature", "properties": { "reach_m": 69.885858391558727, "source": "cv" }, "geometry": { "type": "Point", "coordinates": [ -116.951687845881835, 47.7062993298672 ] } },
{ "type": "Feature", "properties": { "reach_m": 31.289038116407479, "source": "cv" }, "geometry": { "type": "Point", "coordinates": [ -116.951177597227414, 47.706249899837182 ] } },
{ "type": "Feature", "properties": { "reach_m": 57.8125, "source": "cv" }, "geometry": { "type": "Point", "coordinates": [ -116.95153173100968, 47.706193805295321 ] } },
{ "type": "Feature", "properties": { "reach_m": 43.75, "source": "cv" }, "geometry": { "type": "Point", "coordinates": [ -116.951344348195391, 47.706116389587343 ] } },
{ "type": "Feature", "properties": { "reach_m": 61.71875, "source": "cv" }, "geometry": { "type": "Point", "coordinates": [ -116.951583775741, 47.706221949596411 ] } },
{ "type": "Feature", "properties": { "reach_m": 13.643944684822639, "source": "cv" }, "geometry": { "type": "Point", "coordinates": [ -116.954072784843078, 47.706194850413425 ] } },
{ "type": "Feature", "properties": { "reach_m": 60.15625, "source": "cv" }, "geometry": { "type": "Point", "coordinates": [ -116.951563006041013, 47.706158665586557 ] } },
{ "type": "Feature", "properties": { "reach_m": 41.40625, "source": "cv" }, "geometry": { "type": "Point", "coordinates": [ -116.951313145059459, 47.706074192855638 ] } },
{ "type": "Feature", "properties": { "reach_m": 69.496128770331524, "source": "cv" }, "geometry": { "type": "Point", "coordinates": [ -116.951688105745916, 47.706018106663933 ] } },
{ "type": "Feature", "properties": { "reach_m": 15.722352966795397, "source": "cv" }, "geometry": { "type": "Point", "coordinates": [ -116.953812586232672, 47.706018981409855 ] } },
{ "type": "Feature", "properties": { "reach_m": 44.777280877834684, "source": "cv" }, "geometry": { "type": "Point", "coordinates": [ -116.951365313813483, 47.705968756232572 ] } },
{ "type": "Feature", "properties": { "reach_m": 17.062757553001216, "source": "cv" }, "geometry": { "type": "Point", "coordinates": [ -116.950990405858491, 47.705968596728383 ] } },
{ "type": "Feature", "properties": { "reach_m": 33.310946258324755, "source": "cv" }, "geometry": { "type": "Point", "coordinates": [ -116.95335442766752, 47.705948490261221 ] } },
{ "type": "Feature", "properties": { "reach_m": 56.25, "source": "cv" }, "geometry": { "type": "Point", "coordinates": [ -116.951521577613775, 47.705912577688494 ] } },
{ "type": "Feature", "properties": { "reach_m": 25.78125, "source": "cv" }, "geometry": { "type": "Point", "coordinates": [ -116.951115427764847, 47.705912405390229 ] } },
{ "type": "Feature", "properties": { "reach_m": 39.84375, "source": "cv" }, "geometry": { "type": "Point", "coordinates": [ -116.951302914282408, 47.705877332189282 ] } },
{ "type": "Feature", "properties": { "reach_m": 65.270620544391946, "source": "cv" }, "geometry": { "type": "Point", "coordinates": [ -116.952542197592109, 47.705870820815747 ] } },
{ "type": "Feature", "properties": { "reach_m": 47.65625, "source": "cv" }, "geometry": { "type": "Point", "coordinates": [ -116.95140706173369, 47.705870345754796 ] } },
{ "type": "Feature", "properties": { "reach_m": 21.09375, "source": "cv" }, "geometry": { "type": "Point", "coordinates": [ -116.951053022156117, 47.705828011790757 ] } },
{ "type": "Feature", "properties": { "reach_m": 29.6875, "source": "cv" }, "geometry": { "type": "Point", "coordinates": [ -116.95116757705631, 47.705828060595479 ] } },
{ "type": "Feature", "properties": { "reach_m": 37.5, "source": "cv" }, "geometry": { "type": "Point", "coordinates": [ -116.951271724427443, 47.705821074283733 ] } },
{ "type": "Feature", "properties": { "reach_m": 23.4375, "source": "cv" }, "geometry": { "type": "Point", "coordinates": [ -116.951084284134708, 47.70580693337115 ] } },
{ "type": "Feature", "properties": { "reach_m": 42.194733176221177, "source": "cv" }, "geometry": { "type": "Point", "coordinates": [ -116.951334274351169, 47.705750794994536 ] } },
{ "type": "Feature", "properties": { "reach_m": 32.372420867344779, "source": "cv" }, "geometry": { "type": "Point", "coordinates": [ -116.95119892429841, 47.70571558459789 ] } },
{ "type": "Feature", "properties": { "reach_m": 69.675937942197805, "source": "cv" }, "geometry": { "type": "Point", "coordinates": [ -116.95226115837535, 47.70571603141331 ] } },
{ "type": "Feature", "properties": { "reach_m": 47.037478823407405, "source": "cv" }, "geometry": { "type": "Point", "coordinates": [ -116.951386416591248, 47.705673480678421 ] } },
{ "type": "Feature", "properties": { "reach_m": 20.80238586827242, "source": "cv" }, "geometry": { "type": "Point", "coordinates": [ -116.953021473180698, 47.705617917024732 ] } },
{ "type": "Feature", "properties": { "reach_m": 25.194555463432966, "source": "cv" }, "geometry": { "type": "Point", "coordinates": [ -116.95106360733034, 47.705645221138326 ] } },
{ "type": "Feature", "properties": { "reach_m": 67.45947857788407, "source": "cv" }, "geometry": { "type": "Point", "coordinates": [ -116.951646819885539, 47.705617346030529 ] } },
{ "type": "Feature", "properties": { "reach_m": 40.998880510631018, "source": "cv" }, "geometry": { "type": "Point", "coordinates": [ -116.951240718225606, 47.705567960111203 ] } },
{ "type": "Feature", "properties": { "reach_m": 21.252297669899132, "source": "cv" }, "geometry": { "type": "Point", "coordinates": [ -116.950917863495064, 47.705588914226105 ] } },
{ "type": "Feature", "properties": { "reach_m": 16.901021603737451, "source": "cv" }, "geometry": { "type": "Point", "coordinates": [ -116.95300069565981, 47.70556166384884 ] } },
{ "type": "Feature", "properties": { "reach_m": 69.174823816183292, "source": "cv" }, "geometry": { "type": "Point", "coordinates": [ -116.951646871901588, 47.705561101384312 ] } },
{ "type": "Feature", "properties": { "reach_m": 56.875858510004051, "source": "cv" }, "geometry": { "type": "Point", "coordinates": [ -116.95234460542521, 47.705568423845335 ] } },
{ "type": "Feature", "properties": { "reach_m": 23.76079113397742, "source": "cv" }, "geometry": { "type": "Point", "coordinates": [ -116.950865852787388, 47.705525616716464 ] } },
{ "type": "Feature", "properties": { "reach_m": 32.116882486085103, "source": "cv" }, "geometry": { "type": "Point", "coordinates": [ -116.952573911789813, 47.705350570749324 ] } },
{ "type": "Feature", "properties": { "reach_m": 59.917342152543782, "source": "cv" }, "geometry": { "type": "Point", "coordinates": [ -116.952271752138813, 47.705519179482565 ] } },
{ "type": "Feature", "properties": { "reach_m": 25.158190918913466, "source": "cv" }, "geometry": { "type": "Point", "coordinates": [ -116.950834643778705, 47.70549045043137 ] } },
{ "type": "Feature", "properties": { "reach_m": 38.161483568186917, "source": "cv" }, "geometry": { "type": "Point", "coordinates": [ -116.952563376607358, 47.705484147485528 ] } },
{ "type": "Feature", "properties": { "reach_m": 24.117732875676769, "source": "cv" }, "geometry": { "type": "Point", "coordinates": [ -116.952761249217588, 47.705477198527056 ] } },
{ "type": "Feature", "properties": { "reach_m": 50.660915115229614, "source": "cv" }, "geometry": { "type": "Point", "coordinates": [ -116.95237593717151, 47.705470008682212 ] } },
{ "type": "Feature", "properties": { "reach_m": 45.934576862778435, "source": "cv" }, "geometry": { "type": "Point", "coordinates": [ -116.951157530773258, 47.705434343645543 ] } },
{ "type": "Feature", "properties": { "reach_m": 27.074567892442904, "source": "cv" }, "geometry": { "type": "Point", "coordinates": [ -116.950595280885665, 47.705321613618864 ] } },
{ "type": "Feature", "properties": { "reach_m": 24.331892972495993, "source": "cv" }, "geometry": { "type": "Point", "coordinates": [ -116.950730556634838, 47.705434161119541 ] } },
{ "type": "Feature", "properties": { "reach_m": 69.068862829063576, "source": "cv" }, "geometry": { "type": "Point", "coordinates": [ -116.951501245060044, 47.705378244754876 ] } },
{ "type": "Feature", "properties": { "reach_m": 10.626148834949566, "source": "cv" }, "geometry": { "type": "Point", "coordinates": [ -116.950366119913497, 47.705377759400761 ] } },
{ "type": "Feature", "properties": { "reach_m": 38.669902096139317, "source": "cv" }, "geometry": { "type": "Point", "coordinates": [ -116.950897246715968, 47.705363926728886 ] } },
{ "type": "Feature", "properties": { "reach_m": 64.081552045030861, "source": "cv" }, "geometry": { "type": "Point", "coordinates": [ -116.951355488414777, 47.705335999558081 ] } },
{ "type": "Feature", "properties": { "reach_m": 31.868871959954902, "source": "cv" }, "geometry": { "type": "Point", "coordinates": [ -116.952542740025208, 47.705273221439931 ] } },
{ "type": "Feature", "properties": { "reach_m": 23.76079113397742, "source": "cv" }, "geometry": { "type": "Point", "coordinates": [ -116.950407902584047, 47.705244196371552 ] } },
{ "type": "Feature", "properties": { "reach_m": 45.781516637448789, "source": "cv" }, "geometry": { "type": "Point", "coordinates": [ -116.950762023756639, 47.705195134774151 ] } },
{ "type": "Feature", "properties": { "reach_m": 69.320255709009757, "source": "cv" }, "geometry": { "type": "Point", "coordinates": [ -116.951230651766593, 47.705195334893268 ] } },
{ "type": "Feature", "properties": { "reach_m": 29.6875, "source": "cv" }, "geometry": { "type": "Point", "coordinates": [ -116.952563638133427, 47.705195893657162 ] } },
{ "type": "Feature", "properties": { "reach_m": 49.21875, "source": "cv" }, "geometry": { "type": "Point", "coordinates": [ -116.952303314885043, 47.705167663414962 ] } },
{ "type": "Feature", "properties": { "reach_m": 45.299028169763197, "source": "cv" }, "geometry": { "type": "Point", "coordinates": [ -116.950616308062621, 47.705110705150069 ] } },
{ "type": "Feature", "properties": { "reach_m": 35.630482034348063, "source": "cv" }, "geometry": { "type": "Point", "coordinates": [ -116.950345592390647, 47.705061374240906 ] } },
{ "type": "Feature", "properties": { "reach_m": 36.46019340493136, "source": "cv" }, "geometry": { "type": "Point", "coordinates": [ -116.950314377327828, 47.705033238393014 ] } },
{ "type": "Feature", "properties": { "reach_m": 25.411649948891551, "source": "cv" }, "geometry": { "type": "Point", "coordinates": [ -116.949148435028832, 47.704603861991991 ] } },
{ "type": "Feature", "properties": { "reach_m": 40.156553987176238, "source": "cv" }, "geometry": { "type": "Point", "coordinates": [ -116.950376867540939, 47.705026234848482 ] } },
{ "type": "Feature", "properties": { "reach_m": 27.81952158557009, "source": "cv" }, "geometry": { "type": "Point", "coordinates": [ -116.950054082971903, 47.704976880722846 ] } },
{ "type": "Feature", "properties": { "reach_m": 23.228232417685167, "source": "cv" }, "geometry": { "type": "Point", "coordinates": [ -116.949939543401427, 47.704962769644489 ] } },
{ "type": "Feature", "properties": { "reach_m": 30.388516154338628, "source": "cv" }, "geometry": { "type": "Point", "coordinates": [ -116.950012481096394, 47.704920617933773 ] } },
{ "type": "Feature", "properties": { "reach_m": 25.447652304534891, "source": "cv" }, "geometry": { "type": "Point", "coordinates": [ -116.949710532068408, 47.704864241330576 ] } },
{ "type": "Feature", "properties": { "reach_m": 26.700011704117284, "source": "cv" }, "geometry": { "type": "Point", "coordinates": [ -116.949648075812959, 47.704836091605138 ] } },
{ "type": "Feature", "properties": { "reach_m": 28.168369339562418, "source": "cv" }, "geometry": { "type": "Point", "coordinates": [ -116.949679324231454, 47.704829074727627 ] } },
{ "type": "Feature", "properties": { "reach_m": 26.573986487023362, "source": "cv" }, "geometry": { "type": "Point", "coordinates": [ -116.949616840935661, 47.704829047311122 ] } },
{ "type": "Feature", "properties": { "reach_m": 23.411443849643277, "source": "cv" }, "geometry": { "type": "Point", "coordinates": [ -116.949419024776063, 47.704779746197147 ] } },
{ "type": "Feature", "properties": { "reach_m": 25.158190918913466, "source": "cv" }, "geometry": { "type": "Point", "coordinates": [ -116.949512729264754, 47.704800879215298 ] } },
{ "type": "Feature", "properties": { "reach_m": 20.161699844631155, "source": "cv" }, "geometry": { "type": "Point", "coordinates": [ -116.94932530673519, 47.70477267426552 ] } },
{ "type": "Feature", "properties": { "reach_m": 21.252297669899132, "source": "cv" }, "geometry": { "type": "Point", "coordinates": [ -116.949283678528161, 47.704744533536925 ] } },
{ "type": "Feature", "properties": { "reach_m": 13.909760792785045, "source": "cv" }, "geometry": { "type": "Point", "coordinates": [ -116.946159649239817, 47.704616559801345 ] } },
{ "type": "Feature", "properties": { "reach_m": 30.388516154338628, "source": "cv" }, "geometry": { "type": "Point", "coordinates": [ -116.949117275618704, 47.704519481162208 ] } },
{ "type": "Feature", "properties": { "reach_m": 44.221786556515333, "source": "cv" }, "geometry": { "type": "Point", "coordinates": [ -116.946899060428251, 47.70458878199782 ] } },
{ "type": "Feature", "properties": { "reach_m": 40.879610787347282, "source": "cv" }, "geometry": { "type": "Point", "coordinates": [ -116.946826156438078, 47.704595778824029 ] } },
{ "type": "Feature", "properties": { "reach_m": 35.294865618989121, "source": "cv" }, "geometry": { "type": "Point", "coordinates": [ -116.946680362738505, 47.704595711174548 ] } },
{ "type": "Feature", "properties": { "reach_m": 30.747919772116294, "source": "cv" }, "geometry": { "type": "Point", "coordinates": [ -116.946555396710707, 47.704595653041856 ] } },
{ "type": "Feature", "properties": { "reach_m": 33.145630368119413, "source": "cv" }, "geometry": { "type": "Point", "coordinates": [ -116.94923178668958, 47.704561715389147 ] } },
{ "type": "Feature", "properties": { "reach_m": 33.154836209254604, "source": "cv" }, "geometry": { "type": "Point", "coordinates": [ -116.94713858572635, 47.704581862000431 ] } },
{ "type": "Feature", "properties": { "reach_m": 27.085837223999555, "source": "cv" }, "geometry": { "type": "Point", "coordinates": [ -116.947273965555368, 47.704581924283353 ] } },
{ "type": "Feature", "properties": { "reach_m": 22.710065396482239, "source": "cv" }, "geometry": { "type": "Point", "coordinates": [ -116.945347862115199, 47.704145126855032 ] } },
{ "type": "Feature", "properties": { "reach_m": 28.405717129215379, "source": "cv" }, "geometry": { "type": "Point", "coordinates": [ -116.9455562688008, 47.704018675382876 ] } },
{ "type": "Feature", "properties": { "reach_m": 9.5363715747919553, "source": "cv" }, "geometry": { "type": "Point", "coordinates": [ -116.945285541495551, 47.703990424277485 ] } },
{ "type": "Feature", "properties": { "reach_m": 69.811583756297196, "source": "cv" }, "geometry": { "type": "Point", "coordinates": [ -116.946400126115321, 47.703681604525748 ] } },
{ "type": "Feature", "properties": { "reach_m": 34.596234102319578, "source": "cv" }, "geometry": { "type": "Point", "coordinates": [ -116.945421683007822, 47.70325930816486 ] } },
{ "type": "Feature", "properties": { "reach_m": 13.821723447620416, "source": "cv" }, "geometry": { "type": "Point", "coordinates": [ -116.944849062764519, 47.703139514418837 ] } },
{ "type": "Feature", "properties": { "reach_m": 25.411649948891551, "source": "cv" }, "geometry": { "type": "Point", "coordinates": [ -116.945078153377779, 47.703146654878708 ] } },
{ "type": "Feature", "properties": { "reach_m": 23.76079113397742, "source": "cv" }, "geometry": { "type": "Point", "coordinates": [ -116.944890820683611, 47.703041106266966 ] } },
{ "type": "Feature", "properties": { "reach_m": 33.145630368119413, "source": "cv" }, "geometry": { "type": "Point", "coordinates": [ -116.944911766247003, 47.702928626935261 ] } },
{ "type": "Feature", "properties": { "reach_m": 58.007483690145534, "source": "cv" }, "geometry": { "type": "Point", "coordinates": [ -116.94514103297233, 47.702767033267563 ] } },
{ "type": "Feature", "properties": { "reach_m": 64.167216244940846, "source": "cv" }, "geometry": { "type": "Point", "coordinates": [ -116.945234768940225, 47.702753016866623 ] } },
{ "type": "Feature", "properties": { "reach_m": 62.446265963726766, "source": "cv" }, "geometry": { "type": "Point", "coordinates": [ -116.945203528534975, 47.702753001953084 ] } },
{ "type": "Feature", "properties": { "reach_m": 9.439879666870759, "source": "cv" }, "geometry": { "type": "Point", "coordinates": [ -116.949139888175679, 47.702684508243244 ] } },
{ "type": "Feature", "properties": { "reach_m": 66.291260736238826, "source": "cv" }, "geometry": { "type": "Point", "coordinates": [ -116.945141143613597, 47.702661574513591 ] } },
{ "type": "Feature", "properties": { "reach_m": 9.4074957646814816, "source": "cv" }, "geometry": { "type": "Point", "coordinates": [ -116.943954085666192, 47.702590695016589 ] } },
{ "type": "Feature", "properties": { "reach_m": 58.557280317010964, "source": "cv" }, "geometry": { "type": "Point", "coordinates": [ -116.944724798840795, 47.702478579450585 ] } },
{ "type": "Feature", "properties": { "reach_m": 46.403882515367179, "source": "cv" }, "geometry": { "type": "Point", "coordinates": [ -116.944516515647763, 47.7024925401088 ] } },
{ "type": "Feature", "properties": { "reach_m": 32.719361861518628, "source": "cv" }, "geometry": { "type": "Point", "coordinates": [ -116.948911011970409, 47.702459427781683 ] } },
{ "type": "Feature", "properties": { "reach_m": 27.621358640099515, "source": "cv" }, "geometry": { "type": "Point", "coordinates": [ -116.944100016573088, 47.702457185037048 ] } },
{ "type": "Feature", "properties": { "reach_m": 69.055606273585781, "source": "cv" }, "geometry": { "type": "Point", "coordinates": [ -116.944901841690154, 47.702464603418633 ] } },
{ "type": "Feature", "properties": { "reach_m": 46.959559147339746, "source": "cv" }, "geometry": { "type": "Point", "coordinates": [ -116.944454087428014, 47.70244329579549 ] } },
{ "type": "Feature", "properties": { "reach_m": 65.186406390634858, "source": "cv" }, "geometry": { "type": "Point", "coordinates": [ -116.944797729847565, 47.70244346162022 ] } },
{ "type": "Feature", "properties": { "reach_m": 27.332587007087344, "source": "cv" }, "geometry": { "type": "Point", "coordinates": [ -116.948817366974311, 47.702382049590035 ] } },
{ "type": "Feature", "properties": { "reach_m": 48.317644050206958, "source": "cv" }, "geometry": { "type": "Point", "coordinates": [ -116.944318825440831, 47.702337771429569 ] } },
{ "type": "Feature", "properties": { "reach_m": 34.410493039914435, "source": "cv" }, "geometry": { "type": "Point", "coordinates": [ -116.943933628175074, 47.70224618623562 ] } },
{ "type": "Feature", "properties": { "reach_m": 22.344296321992331, "source": "cv" }, "geometry": { "type": "Point", "coordinates": [ -116.943725360830442, 47.702246084290678 ] } },
{ "type": "Feature", "properties": { "reach_m": 27.950849718747371, "source": "cv" }, "geometry": { "type": "Point", "coordinates": [ -116.942163744595462, 47.701893778453574 ] } },
{ "type": "Feature", "properties": { "reach_m": 65.782920109440255, "source": "cv" }, "geometry": { "type": "Point", "coordinates": [ -116.94413178261955, 47.701965059364085 ] } },
{ "type": "Feature", "properties": { "reach_m": 26.51650429449553, "source": "cv" }, "geometry": { "type": "Point", "coordinates": [ -116.943735827151954, 47.70219687530863 ] } },
{ "type": "Feature", "properties": { "reach_m": 63.218526012949717, "source": "cv" }, "geometry": { "type": "Point", "coordinates": [ -116.944277404153667, 47.702119803103699 ] } },
{ "type": "Feature", "properties": { "reach_m": 16.572815184059706, "source": "cv" }, "geometry": { "type": "Point", "coordinates": [ -116.943485974961419, 47.702133477241951 ] } },
{ "type": "Feature", "properties": { "reach_m": 11.048543456039805, "source": "cv" }, "geometry": { "type": "Point", "coordinates": [ -116.943225786379372, 47.701999767637197 ] } },
{ "type": "Feature", "properties": { "reach_m": 65.336045397047101, "source": "cv" }, "geometry": { "type": "Point", "coordinates": [ -116.944235818263849, 47.702056507611431 ] } },
{ "type": "Feature", "properties": { "reach_m": 44.062777038136169, "source": "cv" }, "geometry": { "type": "Point", "coordinates": [ -116.943808924640265, 47.702007085252447 ] } },
{ "type": "Feature", "properties": { "reach_m": 42.115099912323608, "source": "cv" }, "geometry": { "type": "Point", "coordinates": [ -116.943715257737026, 47.701957825232029 ] } },
{ "type": "Feature", "properties": { "reach_m": 17.346565086855094, "source": "cv" }, "geometry": { "type": "Point", "coordinates": [ -116.943329927179533, 47.701992788525793 ] } },
{ "type": "Feature", "properties": { "reach_m": 69.689076495620895, "source": "cv" }, "geometry": { "type": "Point", "coordinates": [ -116.944225479924469, 47.701986196707161 ] } },
{ "type": "Feature", "properties": { "reach_m": 22.207297505549835, "source": "cv" }, "geometry": { "type": "Point", "coordinates": [ -116.943371618515343, 47.701957656166996 ] } },
{ "type": "Feature", "properties": { "reach_m": 12.884705080055189, "source": "cv" }, "geometry": { "type": "Point", "coordinates": [ -116.941768000173781, 47.701928731253822 ] } },
{ "type": "Feature", "properties": { "reach_m": 11.103648752774918, "source": "cv" }, "geometry": { "type": "Point", "coordinates": [ -116.943121744967712, 47.701915349058382 ] } },
{ "type": "Feature", "properties": { "reach_m": 69.920783860201396, "source": "cv" }, "geometry": { "type": "Point", "coordinates": [ -116.944100632874964, 47.701880677137055 ] } },
{ "type": "Feature", "properties": { "reach_m": 23.4375, "source": "cv" }, "geometry": { "type": "Point", "coordinates": [ -116.943288403537579, 47.701873248014238 ] } },
{ "type": "Feature", "properties": { "reach_m": 35.424325152358236, "source": "cv" }, "geometry": { "type": "Point", "coordinates": [ -116.943340599506953, 47.701753753797654 ] } },
{ "type": "Feature", "properties": { "reach_m": 43.10348195041788, "source": "cv" }, "geometry": { "type": "Point", "coordinates": [ -116.943507189026192, 47.701774927695581 ] } },
{ "type": "Feature", "properties": { "reach_m": 30.906313195082003, "source": "cv" }, "geometry": { "type": "Point", "coordinates": [ -116.942892859651252, 47.701725409498295 ] } },
{ "type": "Feature", "properties": { "reach_m": 54.75999659023455, "source": "cv" }, "geometry": { "type": "Point", "coordinates": [ -116.9436322165148, 47.701711713883519 ] } },
{ "type": "Feature", "properties": { "reach_m": 8.4143200111476624, "source": "cv" }, "geometry": { "type": "Point", "coordinates": [ -116.940831319952636, 47.701471263859517 ] } },
{ "type": "Feature", "properties": { "reach_m": 55.912616672134028, "source": "cv" }, "geometry": { "type": "Point", "coordinates": [ -116.944101189033333, 47.701360413860279 ] } },
{ "type": "Feature", "properties": { "reach_m": 9.375, "source": "cv" }, "geometry": { "type": "Point", "coordinates": [ -116.937540912948549, 47.701328908310757 ] } },
{ "type": "Feature", "properties": { "reach_m": 56.260849648090108, "source": "cv" }, "geometry": { "type": "Point", "coordinates": [ -116.944538602707354, 47.701304381390912 ] } },
{ "type": "Feature", "properties": { "reach_m": 20.625591847568884, "source": "cv" }, "geometry": { "type": "Point", "coordinates": [ -116.937238998136806, 47.701272498871631 ] } },
{ "type": "Feature", "properties": { "reach_m": 11.744762795603835, "source": "cv" }, "geometry": { "type": "Point", "coordinates": [ -116.936051930929793, 47.701243721139285 ] } },
{ "type": "Feature", "properties": { "reach_m": 15.722352966795397, "source": "cv" }, "geometry": { "type": "Point", "coordinates": [ -116.936135262018482, 47.701222675779725 ] } },
{ "type": "Feature", "properties": { "reach_m": 25.78125, "source": "cv" }, "geometry": { "type": "Point", "coordinates": [ -116.936520557547652, 47.701215858977427 ] } },
{ "type": "Feature", "properties": { "reach_m": 11.375171702000809, "source": "cv" }, "geometry": { "type": "Point", "coordinates": [ -116.935822884418414, 47.701208440324756 ] } },
{ "type": "Feature", "properties": { "reach_m": 43.251907923957525, "source": "cv" }, "geometry": { "type": "Point", "coordinates": [ -116.944382494742911, 47.701219938768695 ] } },
{ "type": "Feature", "properties": { "reach_m": 16.424840657522374, "source": "cv" }, "geometry": { "type": "Point", "coordinates": [ -116.935947859550708, 47.701194448972792 ] } },
{ "type": "Feature", "properties": { "reach_m": 28.90625, "source": "cv" }, "geometry": { "type": "Point", "coordinates": [ -116.936749689602777, 47.701180832555785 ] } },
{ "type": "Feature", "properties": { "reach_m": 19.546868754995007, "source": "cv" }, "geometry": { "type": "Point", "coordinates": [ -116.936020777450551, 47.701173397883316 ] } },
{ "type": "Feature", "properties": { "reach_m": 13.643944684822639, "source": "cv" }, "geometry": { "type": "Point", "coordinates": [ -116.935802092625536, 47.70118030633833 ] } },
{ "type": "Feature", "properties": { "reach_m": 29.69777782616908, "source": "cv" }, "geometry": { "type": "Point", "coordinates": [ -116.936645566583394, 47.701173744527971 ] } },
{ "type": "Feature", "properties": { "reach_m": 32.03125, "source": "cv" }, "geometry": { "type": "Point", "coordinates": [ -116.936562278423182, 47.701159637336389 ] } },
{ "type": "Feature", "properties": { "reach_m": 24.067065313670881, "source": "cv" }, "geometry": { "type": "Point", "coordinates": [ -116.936229040493529, 47.701173513809515 ] } },
{ "type": "Feature", "properties": { "reach_m": 20.96313728906053, "source": "cv" }, "geometry": { "type": "Point", "coordinates": [ -116.935979142057093, 47.701159313484041 ] } },
{ "type": "Feature", "properties": { "reach_m": 32.03125, "source": "cv" }, "geometry": { "type": "Point", "coordinates": [ -116.936749723618348, 47.701152710218032 ] } },
{ "type": "Feature", "properties": { "reach_m": 23.799290955824716, "source": "cv" }, "geometry": { "type": "Point", "coordinates": [ -116.935979176487024, 47.701131191146587 ] } },
{ "type": "Feature", "properties": { "reach_m": 30.388516154338628, "source": "cv" }, "geometry": { "type": "Point", "coordinates": [ -116.936333189135283, 47.701159510462084 ] } },
{ "type": "Feature", "properties": { "reach_m": 15.722352966795397, "source": "cv" }, "geometry": { "type": "Point", "coordinates": [ -116.935760491833094, 47.701138099522453 ] } },
{ "type": "Feature", "properties": { "reach_m": 46.456464835370333, "source": "cv" }, "geometry": { "type": "Point", "coordinates": [ -116.944632477651751, 47.701156784355412 ] } },
{ "type": "Feature", "properties": { "reach_m": 34.375, "source": "cv" }, "geometry": { "type": "Point", "coordinates": [ -116.936426933121993, 47.701138470667232 ] } },
{ "type": "Feature", "properties": { "reach_m": 26.938968202447917, "source": "cv" }, "geometry": { "type": "Point", "coordinates": [ -116.936218670217784, 47.701138355100269 ] } },
{ "type": "Feature", "properties": { "reach_m": 33.164039494986127, "source": "cv" }, "geometry": { "type": "Point", "coordinates": [ -116.936343636518629, 47.701131393901377 ] } },
{ "type": "Feature", "properties": { "reach_m": 8.304801416198945, "source": "cv" }, "geometry": { "type": "Point", "coordinates": [ -116.935645947237916, 47.701138035342154 ] } },
{ "type": "Feature", "properties": { "reach_m": 37.565047750535335, "source": "cv" }, "geometry": { "type": "Point", "coordinates": [ -116.936395727892176, 47.701110331018512 ] } },
{ "type": "Feature", "properties": { "reach_m": 69.990582513828244, "source": "cv" }, "geometry": { "type": "Point", "coordinates": [ -116.945090685803692, 47.701128882167524 ] } },
{ "type": "Feature", "properties": { "reach_m": 38.153485772108688, "source": "cv" }, "geometry": { "type": "Point", "coordinates": [ -116.936562346655776, 47.70110339266072 ] } },
{ "type": "Feature", "properties": { "reach_m": 29.728589985063198, "source": "cv" }, "geometry": { "type": "Point", "coordinates": [ -116.936010476140993, 47.701081994480049 ] } },
{ "type": "Feature", "properties": { "reach_m": 42.281434774171281, "source": "cv" }, "geometry": { "type": "Point", "coordinates": [ -116.935979451924567, 47.700906212442028 ] } },
{ "type": "Feature", "properties": { "reach_m": 26.984243811203974, "source": "cv" }, "geometry": { "type": "Point", "coordinates": [ -116.935989624054997, 47.701103074618075 ] } },
{ "type": "Feature", "properties": { "reach_m": 38.440358125445449, "source": "cv" }, "geometry": { "type": "Point", "coordinates": [ -116.936354118118942, 47.701075155001639 ] } },
{ "type": "Feature", "properties": { "reach_m": 35.912015420503764, "source": "cv" }, "geometry": { "type": "Point", "coordinates": [ -116.944549254456049, 47.701079407690386 ] } },
{ "type": "Feature", "properties": { "reach_m": 29.749113694780892, "source": "cv" }, "geometry": { "type": "Point", "coordinates": [ -116.94441388370106, 47.701079342196621 ] } },
{ "type": "Feature", "properties": { "reach_m": 25.591155240873746, "source": "cv" }, "geometry": { "type": "Point", "coordinates": [ -116.93585429638118, 47.701067846104586 ] } },
{ "type": "Feature", "properties": { "reach_m": 25.543410506674714, "source": "cv" }, "geometry": { "type": "Point", "coordinates": [ -116.944351427336713, 47.701058220158266 ] } },
{ "type": "Feature", "properties": { "reach_m": 39.874375484921394, "source": "cv" }, "geometry": { "type": "Point", "coordinates": [ -116.936343730661676, 47.701054057472135 ] } },
{ "type": "Feature", "properties": { "reach_m": 64.659942801745501, "source": "cv" }, "geometry": { "type": "Point", "coordinates": [ -116.945090789157732, 47.701030453969068 ] } },
{ "type": "Feature", "properties": { "reach_m": 19.295451617544483, "source": "cv" }, "geometry": { "type": "Point", "coordinates": [ -116.944309827225595, 47.701008985852575 ] } },
{ "type": "Feature", "properties": { "reach_m": 41.92627457812106, "source": "cv" }, "geometry": { "type": "Point", "coordinates": [ -116.936000235099485, 47.700941376982286 ] } },
{ "type": "Feature", "properties": { "reach_m": 69.990582513828244, "source": "cv" }, "geometry": { "type": "Point", "coordinates": [ -116.94552818436712, 47.700988478894359 ] } },
{ "type": "Feature", "properties": { "reach_m": 13.372845912987257, "source": "cv" }, "geometry": { "type": "Point", "coordinates": [ -116.944236980362177, 47.700966766940788 ] } },
{ "type": "Feature", "properties": { "reach_m": 60.540574268935544, "source": "cv" }, "geometry": { "type": "Point", "coordinates": [ -116.945080464637911, 47.700946081957298 ] } },
{ "type": "Feature", "properties": { "reach_m": 50.201011957554201, "source": "cv" }, "geometry": { "type": "Point", "coordinates": [ -116.944934681118326, 47.700946012093944 ] } },
{ "type": "Feature", "properties": { "reach_m": 23.20194125768359, "source": "cv" }, "geometry": { "type": "Point", "coordinates": [ -116.944518164239085, 47.700938780878133 ] } },
{ "type": "Feature", "properties": { "reach_m": 12.352647110032731, "source": "cv" }, "geometry": { "type": "Point", "coordinates": [ -116.944309902099491, 47.700938679996142 ] } },
{ "type": "Feature", "properties": { "reach_m": 14.363106492851745, "source": "cv" }, "geometry": { "type": "Point", "coordinates": [ -116.944361975114646, 47.700931674666393 ] } },
{ "type": "Feature", "properties": { "reach_m": 18.520733736140151, "source": "cv" }, "geometry": { "type": "Point", "coordinates": [ -116.935625406563773, 47.700906014373381 ] } },
{ "type": "Feature", "properties": { "reach_m": 49.96336548537338, "source": "cv" }, "geometry": { "type": "Point", "coordinates": [ -116.936073204193903, 47.700878142350362 ] } },
{ "type": "Feature", "properties": { "reach_m": 33.657280044590649, "source": "cv" }, "geometry": { "type": "Point", "coordinates": [ -116.944726470968021, 47.70089669786757 ] } },
{ "type": "Feature", "properties": { "reach_m": 12.228496751951976, "source": "cv" }, "geometry": { "type": "Point", "coordinates": [ -116.935531688674814, 47.700905961760597 ] } },
{ "type": "Feature", "properties": { "reach_m": 54.854655254818617, "source": "cv" }, "geometry": { "type": "Point", "coordinates": [ -116.93617735228888, 47.700864139143405 ] } },
{ "type": "Feature", "properties": { "reach_m": 67.572479894277222, "source": "cv" }, "geometry": { "type": "Point", "coordinates": [ -116.945195060410825, 47.700896922619329 ] } },
{ "type": "Feature", "properties": { "reach_m": 22.385232471710005, "source": "cv" }, "geometry": { "type": "Point", "coordinates": [ -116.935635897544586, 47.700842744952688 ] } },
{ "type": "Feature", "properties": { "reach_m": 39.132749332400607, "source": "cv" }, "geometry": { "type": "Point", "coordinates": [ -116.935854624100187, 47.700800683889597 ] } },
{ "type": "Feature", "properties": { "reach_m": 34.938562148434215, "source": "cv" }, "geometry": { "type": "Point", "coordinates": [ -116.945892854428706, 47.700784764328453 ] } },
{ "type": "Feature", "properties": { "reach_m": 33.145630368119413, "source": "cv" }, "geometry": { "type": "Point", "coordinates": [ -116.944747482878441, 47.700720943249735 ] } },
{ "type": "Feature", "properties": { "reach_m": 54.182940263749067, "source": "cv" }, "geometry": { "type": "Point", "coordinates": [ -116.9360109321088, 47.700709373492323 ] } },
{ "type": "Feature", "properties": { "reach_m": 43.138867788370383, "source": "cv" }, "geometry": { "type": "Point", "coordinates": [ -116.945664073565354, 47.700489371461025 ] } },
{ "type": "Feature", "properties": { "reach_m": 53.130744174747825, "source": "cv" }, "geometry": { "type": "Point", "coordinates": [ -116.945455901209712, 47.700404905622307 ] } },
{ "type": "Feature", "properties": { "reach_m": 12.597277731716483, "source": "cv" }, "geometry": { "type": "Point", "coordinates": [ -116.946331163313005, 47.69984990168107 ] } },
{ "type": "Feature", "properties": { "reach_m": 8.7346405371085538, "source": "cv" }, "geometry": { "type": "Point", "coordinates": [ -116.938084221535462, 47.699789503564759 ] } },
{ "type": "Feature", "properties": { "reach_m": 10.15625, "source": "cv" }, "geometry": { "type": "Point", "coordinates": [ -116.944509153707727, 47.69961702557665 ] } },
{ "type": "Feature", "properties": { "reach_m": 18.75, "source": "cv" }, "geometry": { "type": "Point", "coordinates": [ -116.927166504956006, 47.703389785439427 ] } },
{ "type": "Feature", "properties": { "reach_m": 8.4143200111476624, "source": "cv" }, "geometry": { "type": "Point", "coordinates": [ -116.927260814103306, 47.702968010051549 ] } },
{ "type": "Feature", "properties": { "reach_m": 10.9375, "source": "cv" }, "geometry": { "type": "Point", "coordinates": [ -116.928095335252806, 47.70192097843622 ] } },
{ "type": "Feature", "properties": { "reach_m": 9.375, "source": "cv" }, "geometry": { "type": "Point", "coordinates": [ -116.931052638233169, 47.701979038096361 ] } },
{ "type": "Feature", "properties": { "reach_m": 18.75, "source": "cv" }, "geometry": { "type": "Point", "coordinates": [ -116.928126671785563, 47.701850692183982 ] } },
{ "type": "Feature", "properties": { "reach_m": 8.7346405371085538, "source": "cv" }, "geometry": { "type": "Point", "coordinates": [ -116.930042678716774, 47.701879998598294 ] } },
{ "type": "Feature", "properties": { "reach_m": 17.815241017174031, "source": "cv" }, "geometry": { "type": "Point", "coordinates": [ -116.925908602256683, 47.701877403852968 ] } },
{ "type": "Feature", "properties": { "reach_m": 21.035800027869158, "source": "cv" }, "geometry": { "type": "Point", "coordinates": [ -116.925981495287445, 47.701877450894017 ] } },
{ "type": "Feature", "properties": { "reach_m": 19.53125, "source": "cv" }, "geometry": { "type": "Point", "coordinates": [ -116.928397426831353, 47.701843830858721 ] } },
{ "type": "Feature", "properties": { "reach_m": 21.09375, "source": "cv" }, "geometry": { "type": "Point", "coordinates": [ -116.928032981246318, 47.701829541699098 ] } },
{ "type": "Feature", "properties": { "reach_m": 24.21875, "source": "cv" }, "geometry": { "type": "Point", "coordinates": [ -116.928262112011424, 47.701801562815604 ] } },
{ "type": "Feature", "properties": { "reach_m": 24.21875, "source": "cv" }, "geometry": { "type": "Point", "coordinates": [ -116.931531871501988, 47.70181059091599 ] } },
{ "type": "Feature", "properties": { "reach_m": 20.506882419385448, "source": "cv" }, "geometry": { "type": "Point", "coordinates": [ -116.928730699831974, 47.701808885385866 ] } },
{ "type": "Feature", "properties": { "reach_m": 28.125, "source": "cv" }, "geometry": { "type": "Point", "coordinates": [ -116.928345466386006, 47.701766461952062 ] } },
{ "type": "Feature", "properties": { "reach_m": 25.78125, "source": "cv" }, "geometry": { "type": "Point", "coordinates": [ -116.92821006493827, 47.701787469089524 ] } },
{ "type": "Feature", "properties": { "reach_m": 39.443454879263555, "source": "cv" }, "geometry": { "type": "Point", "coordinates": [ -116.928428916876641, 47.701661055201839 ] } },
{ "type": "Feature", "properties": { "reach_m": 27.287889369645278, "source": "cv" }, "geometry": { "type": "Point", "coordinates": [ -116.928991194063229, 47.701689526870183 ] } },
{ "type": "Feature", "properties": { "reach_m": 40.625, "source": "cv" }, "geometry": { "type": "Point", "coordinates": [ -116.928512242080615, 47.701647045964116 ] } },
{ "type": "Feature", "properties": { "reach_m": 23.228232417685167, "source": "cv" }, "geometry": { "type": "Point", "coordinates": [ -116.928803650206376, 47.701766747139033 ] } },
{ "type": "Feature", "properties": { "reach_m": 69.91641913071993, "source": "cv" }, "geometry": { "type": "Point", "coordinates": [ -116.927408701668028, 47.701456527285558 ] } },
{ "type": "Feature", "properties": { "reach_m": 23.136082648376323, "source": "cv" }, "geometry": { "type": "Point", "coordinates": [ -116.929282755651585, 47.701696737506268 ] } },
{ "type": "Feature", "properties": { "reach_m": 29.6875, "source": "cv" }, "geometry": { "type": "Point", "coordinates": [ -116.92828300605953, 47.701752361756213 ] } },
{ "type": "Feature", "properties": { "reach_m": 22.055615958582976, "source": "cv" }, "geometry": { "type": "Point", "coordinates": [ -116.930084491687126, 47.701760504078329 ] } },
{ "type": "Feature", "properties": { "reach_m": 69.780977104258142, "source": "cv" }, "geometry": { "type": "Point", "coordinates": [ -116.927356616101179, 47.701470555502723 ] } },
{ "type": "Feature", "properties": { "reach_m": 36.241917202322504, "source": "cv" }, "geometry": { "type": "Point", "coordinates": [ -116.927845726511293, 47.701695842928011 ] } },
{ "type": "Feature", "properties": { "reach_m": 21.930732574403436, "source": "cv" }, "geometry": { "type": "Point", "coordinates": [ -116.929626393064964, 47.701696948760969 ] } },
{ "type": "Feature", "properties": { "reach_m": 44.913382349390027, "source": "cv" }, "geometry": { "type": "Point", "coordinates": [ -116.927679201953765, 47.701632462802031 ] } },
{ "type": "Feature", "properties": { "reach_m": 30.906313195082003, "source": "cv" }, "geometry": { "type": "Point", "coordinates": [ -116.928897493902426, 47.701675407673207 ] } },
{ "type": "Feature", "properties": { "reach_m": 47.930817656806148, "source": "cv" }, "geometry": { "type": "Point", "coordinates": [ -116.927606328728473, 47.701618355674476 ] } },
{ "type": "Feature", "properties": { "reach_m": 47.65625, "source": "cv" }, "geometry": { "type": "Point", "coordinates": [ -116.928314467534875, 47.701590677876119 ] } },
{ "type": "Feature", "properties": { "reach_m": 69.780977104258142, "source": "cv" }, "geometry": { "type": "Point", "coordinates": [ -116.927283694305345, 47.701491601083497 ] } },
{ "type": "Feature", "properties": { "reach_m": 50.78125, "source": "cv" }, "geometry": { "type": "Point", "coordinates": [ -116.928376985455174, 47.701562594558837 ] } },
{ "type": "Feature", "properties": { "reach_m": 54.693080072459807, "source": "cv" }, "geometry": { "type": "Point", "coordinates": [ -116.928491588648939, 47.701520482498687 ] } },
{ "type": "Feature", "properties": { "reach_m": 69.968777914241869, "source": "cv" }, "geometry": { "type": "Point", "coordinates": [ -116.927200359233098, 47.701512640012091 ] } },
{ "type": "Feature", "properties": { "reach_m": 59.375, "source": "cv" }, "geometry": { "type": "Point", "coordinates": [ -116.928918788691021, 47.701330922013689 ] } },
{ "type": "Feature", "properties": { "reach_m": 23.450517218443178, "source": "cv" }, "geometry": { "type": "Point", "coordinates": [ -116.924691148497359, 47.701250888928513 ] } },
{ "type": "Feature", "properties": { "reach_m": 56.596157113358856, "source": "cv" }, "geometry": { "type": "Point", "coordinates": [ -116.929304123950999, 47.701296007109825 ] } },
{ "type": "Feature", "properties": { "reach_m": 56.666211893089347, "source": "cv" }, "geometry": { "type": "Point", "coordinates": [ -116.929418687856412, 47.701282016454151 ] } },
{ "type": "Feature", "properties": { "reach_m": 27.25431803517564, "source": "cv" }, "geometry": { "type": "Point", "coordinates": [ -116.92468079609165, 47.701208698598741 ] } },
{ "type": "Feature", "properties": { "reach_m": 26.665700259181268, "source": "cv" }, "geometry": { "type": "Point", "coordinates": [ -116.924555899072331, 47.701166433017477 ] } },
{ "type": "Feature", "properties": { "reach_m": 44.967707597369248, "source": "cv" }, "geometry": { "type": "Point", "coordinates": [ -116.930793654651396, 47.700959446817066 ] } },
{ "type": "Feature", "properties": { "reach_m": 38.153485772108688, "source": "cv" }, "geometry": { "type": "Point", "coordinates": [ -116.931001972479777, 47.700917388726033 ] } },
{ "type": "Feature", "properties": { "reach_m": 38.788098710332534, "source": "cv" }, "geometry": { "type": "Point", "coordinates": [ -116.930523007243892, 47.700888977377325 ] } },
{ "type": "Feature", "properties": { "reach_m": 33.738785752639352, "source": "cv" }, "geometry": { "type": "Point", "coordinates": [ -116.930689672664698, 47.700846894626658 ] } },
{ "type": "Feature", "properties": { "reach_m": 32.03125, "source": "cv" }, "geometry": { "type": "Point", "coordinates": [ -116.930606395966265, 47.700825752528537 ] } },
{ "type": "Feature", "properties": { "reach_m": 12.884705080055189, "source": "cv" }, "geometry": { "type": "Point", "coordinates": [ -116.929742138531765, 47.700804134867049 ] } },
{ "type": "Feature", "properties": { "reach_m": 8.6291882946775473, "source": "cv" }, "geometry": { "type": "Point", "coordinates": [ -116.929658900113694, 47.700754869745715 ] } },
{ "type": "Feature", "properties": { "reach_m": 25.158190918913466, "source": "cv" }, "geometry": { "type": "Point", "coordinates": [ -116.927378477491374, 47.700725326869865 ] } },
{ "type": "Feature", "properties": { "reach_m": 54.542217736584561, "source": "cv" }, "geometry": { "type": "Point", "coordinates": [ -116.926795523237203, 47.700598405845959 ] } },
{ "type": "Feature", "properties": { "reach_m": 35.971451353816683, "source": "cv" }, "geometry": { "type": "Point", "coordinates": [ -116.927170382729898, 47.700605674959611 ] } },
{ "type": "Feature", "properties": { "reach_m": 59.39555565233816, "source": "cv" }, "geometry": { "type": "Point", "coordinates": [ -116.926628944261196, 47.700577207688582 ] } },
{ "type": "Feature", "properties": { "reach_m": 15.467960838455728, "source": "cv" }, "geometry": { "type": "Point", "coordinates": [ -116.923609155059935, 47.700582267731811 ] } },
{ "type": "Feature", "properties": { "reach_m": 18.782523875267668, "source": "cv" }, "geometry": { "type": "Point", "coordinates": [ -116.923661230481571, 47.700575271796687 ] } },
{ "type": "Feature", "properties": { "reach_m": 11.614116208842583, "source": "cv" }, "geometry": { "type": "Point", "coordinates": [ -116.923411441320241, 47.700490738271817 ] } },
{ "type": "Feature", "properties": { "reach_m": 20.447269262972501, "source": "cv" }, "geometry": { "type": "Point", "coordinates": [ -116.923515633151709, 47.700448624223782 ] } },
{ "type": "Feature", "properties": { "reach_m": 60.444722293389688, "source": "cv" }, "geometry": { "type": "Point", "coordinates": [ -116.925494404678432, 47.700239008340233 ] } },
{ "type": "Feature", "properties": { "reach_m": 16.086922095292188, "source": "cv" }, "geometry": { "type": "Point", "coordinates": [ -116.9273164193215, 47.700422972209935 ] } },
{ "type": "Feature", "properties": { "reach_m": 22.097086912079611, "source": "cv" }, "geometry": { "type": "Point", "coordinates": [ -116.923484455859423, 47.700406419898009 ] } },
{ "type": "Feature", "properties": { "reach_m": 35.912015420503764, "source": "cv" }, "geometry": { "type": "Point", "coordinates": [ -116.923692767087502, 47.7003714056573 ] } },
{ "type": "Feature", "properties": { "reach_m": 34.250484713723395, "source": "cv" }, "geometry": { "type": "Point", "coordinates": [ -116.923599111810688, 47.700329159798855 ] } },
{ "type": "Feature", "properties": { "reach_m": 29.69777782616908, "source": "cv" }, "geometry": { "type": "Point", "coordinates": [ -116.923536613363197, 47.700343179351627 ] } },
{ "type": "Feature", "properties": { "reach_m": 48.644968987681551, "source": "cv" }, "geometry": { "type": "Point", "coordinates": [ -116.925973291537488, 47.700316654763952 ] } },
{ "type": "Feature", "properties": { "reach_m": 11.535018015807344, "source": "cv" }, "geometry": { "type": "Point", "coordinates": [ -116.927170803766131, 47.700303359851048 ] } },
{ "type": "Feature", "properties": { "reach_m": 30.747919772116294, "source": "cv" }, "geometry": { "type": "Point", "coordinates": [ -116.923411894382312, 47.700181392599411 ] } },
{ "type": "Feature", "properties": { "reach_m": 52.524175981161278, "source": "cv" }, "geometry": { "type": "Point", "coordinates": [ -116.925577778427694, 47.700189848309215 ] } },
{ "type": "Feature", "properties": { "reach_m": 24.269100885951666, "source": "cv" }, "geometry": { "type": "Point", "coordinates": [ -116.923068535892313, 47.69999836756385 ] } },
{ "type": "Feature", "properties": { "reach_m": 64.919007532944462, "source": "cv" }, "geometry": { "type": "Point", "coordinates": [ -116.924703960887939, 47.699584647455019 ] } },
{ "type": "Feature", "properties": { "reach_m": 24.130383142938282, "source": "cv" }, "geometry": { "type": "Point", "coordinates": [ -116.923047720407538, 47.699991323016192 ] } },
{ "type": "Feature", "properties": { "reach_m": 38.153485772108688, "source": "cv" }, "geometry": { "type": "Point", "coordinates": [ -116.923235245741182, 47.69992817329954 ] } },
{ "type": "Feature", "properties": { "reach_m": 22.371595411369302, "source": "cv" }, "geometry": { "type": "Point", "coordinates": [ -116.925734332180568, 47.699936848472078 ] } },
{ "type": "Feature", "properties": { "reach_m": 49.193942160722393, "source": "cv" }, "geometry": { "type": "Point", "coordinates": [ -116.923391490758263, 47.699893124760898 ] } },
{ "type": "Feature", "properties": { "reach_m": 67.757394084520399, "source": "cv" }, "geometry": { "type": "Point", "coordinates": [ -116.924724422229843, 47.699837762158268 ] } },
{ "type": "Feature", "properties": { "reach_m": 56.639278001224561, "source": "cv" }, "geometry": { "type": "Point", "coordinates": [ -116.924880625584336, 47.69983083392809 ] } },
{ "type": "Feature", "properties": { "reach_m": 44.770464943420009, "source": "cv" }, "geometry": { "type": "Point", "coordinates": [ -116.923183325818457, 47.6998297102827 ] } },
{ "type": "Feature", "properties": { "reach_m": 69.968777914241869, "source": "cv" }, "geometry": { "type": "Point", "coordinates": [ -116.924672418574715, 47.699795544487124 ] } },
{ "type": "Feature", "properties": { "reach_m": 44.062777038136169, "source": "cv" }, "geometry": { "type": "Point", "coordinates": [ -116.923079279732747, 47.699773395857527 ] } },
{ "type": "Feature", "properties": { "reach_m": 58.222784012145965, "source": "cv" }, "geometry": { "type": "Point", "coordinates": [ -116.924807887042689, 47.699725327423629 ] } },
{ "type": "Feature", "properties": { "reach_m": 49.224950006323013, "source": "cv" }, "geometry": { "type": "Point", "coordinates": [ -116.92307939348737, 47.699696059431886 ] } },
{ "type": "Feature", "properties": { "reach_m": 64.390357694786104, "source": "cv" }, "geometry": { "type": "Point", "coordinates": [ -116.923277309936765, 47.69964697779065 ] } },
{ "type": "Feature", "properties": { "reach_m": 41.413619627183031, "source": "cv" }, "geometry": { "type": "Point", "coordinates": [ -116.922892034662667, 47.699646719550245 ] } },
{ "type": "Feature", "properties": { "reach_m": 57.970645184653591, "source": "cv" }, "geometry": { "type": "Point", "coordinates": [ -116.923193976196686, 47.699668013817295 ] } },
{ "type": "Feature", "properties": { "reach_m": 38.811694838669439, "source": "cv" }, "geometry": { "type": "Point", "coordinates": [ -116.922839980810323, 47.699639653969456 ] } },
{ "type": "Feature", "properties": { "reach_m": 69.601439292319952, "source": "cv" }, "geometry": { "type": "Point", "coordinates": [ -116.924641483888479, 47.699584606442862 ] } },
{ "type": "Feature", "properties": { "reach_m": 8.59375, "source": "cv" }, "geometry": { "type": "Point", "coordinates": [ -116.871826534839201, 47.699994756743429 ] } },
{ "type": "Feature", "properties": { "reach_m": 8.59375, "source": "cv" }, "geometry": { "type": "Point", "coordinates": [ -116.871066375981258, 47.700000935749188 ] } },
{ "type": "Feature", "properties": { "reach_m": 8.7346405371085538, "source": "cv" }, "geometry": { "type": "Point", "coordinates": [ -116.870545852881278, 47.69995113557313 ] } },
{ "type": "Feature", "properties": { "reach_m": 10.510643786776336, "source": "cv" }, "geometry": { "type": "Point", "coordinates": [ -116.869338326741982, 47.699802124550317 ] } },
{ "type": "Feature", "properties": { "reach_m": 12.717828590702895, "source": "cv" }, "geometry": { "type": "Point", "coordinates": [ -116.839599102953869, 47.699806592019357 ] } }
]
}
